Price,Age,KM,FuelType,HP,MetColor,Automatic,CC,Doors,Weight
7450.0,65.0,82000.0,Petrol,86,1,0,1300,3,1015
7250.0,74.0,130025.0,Petrol,110,1,0,1600,3,1050
8950.0,80.0,64000.0,Petrol,110,0,0,1600,3,1055
11450.0,54.0,62987.0,Petrol,110,0,0,1600,5,1080
,42.0,38932.0,Petrol,110,1,0,1600,3,1040
6950.0,80.0,62581.0,Petrol,110,0,0,1600,5,1075
8250.0,70.0,59017.0,petrol,107,1,1,1600,3,1080
12950.0,44.0,41499.0,CNG,110,1,0,1600,5,1103
9950.0,65.0,65513.0,Petrol,110,1,1,1600,4,1070
7900.0,75.0,125400.0,Petrol,110,0,0,1600,3,1050
6495.0,74.0,96302.0,Petrol,86,1,0,1300,3,1015
9500.0,66.0,74963.0,Petrol,107,0,1,1600,3,1085
6490.0,80.0,100123.0,Petrol,110,1,0,1600,3,1050
7250.0,80.0,110887.0,Petrol,110,1,0,1600,3,1055
9450.0,80.0,66843.0,petrol,110,1,0,1600,5,1075
16500.0,27.0,37177.0,Petrol,110,0,0,1600,5,1130
9250.0,63.0,102807.0,Petrol,86,0,0,1300,5,1055
6900.0,69.0,146304.0,Diesel,72,1,0,2000,3,1115
11950.0,56.0,33998.0,Petrol,110,0,0,1600,5,1080
9950.0,61.0,97425.0,Petrol,110,1,0,1600,5,1075
8450.0,69.0,74573.0,Petrol,110,1,0,1600,5,1085
9950.0,63.0,57000.0,Petrol,86,1,0,1300,5,1035
13500.0,43.0,10000.0,petrol,97,1,0,1400,5,1060
8950.0,75.0,102005.0,Petrol,107,1,1,1600,5,1105
7750.0,74.0,78894.0,petrol,110,0,0,1600,5,1070
10500.0,78.0,47400.0,Petrol,86,1,0,1300,5,1040
8950.0,72.0,75525.0,Petrol,110,1,0,1600,3,1114
8500.0,78.0,90345.0,Petrol,86,1,0,1300,5,1035
9800.0,67.0,126800.0,Diesel,72,0,0,2000,5,1135
9650.0,53.0,49969.0,Petrol,110,0,0,1600,5,1075
9250.0,67.0,95750.0,Petrol,110,1,0,1600,5,1070
7950.0,57.0,72000.0,Petrol,86,0,0,1300,3,1015
20500.0,20.0,20000.0,Petrol,110,0,1,1600,5,1165
8900.0,73.0,97085.0,Petrol,110,1,0,1600,5,1085
12450.0,38.0,26262.0,Petrol,110,1,0,1600,5,1075
7750.0,73.0,39168.0,Petrol,86,0,0,1300,3,1015
10950.0,44.0,60500.0,Petrol,110,0,0,1600,5,1075
9900.0,67.0,70552.0,petrol,110,0,0,1600,5,1075
9950.0,64.0,114846.0,Petrol,110,1,0,1600,5,1075
18700.0,7.0,450.0,Petrol,97,1,0,1400,5,1110
9700.0,51.0,57645.0,Petrol,110,0,0,1600,5,1080
7600.0,78.0,36000.0,petrol,110,1,0,1600,3,1050
20500.0,12.0,5000.0,Petrol,110,1,0,1600,5,1130
10950.0,67.0,15535.0,Petrol,86,1,1,1300,4,1030
9795.0,68.0,61568.0,Petrol,110,1,0,1600,4,1035
7500.0,79.0,49827.0,petrol,86,1,0,1300,5,1035
9950.0,46.0,68414.0,Petrol,97,0,0,1400,3,1025
8200.0,60.0,64383.0,Petrol,86,0,0,1300,3,1015
10950.0,56.0,46500.0,Petrol,86,0,0,1300,5,1035
15950.0,28.0,56349.0,Petrol,110,1,0,1600,3,1120
8250.0,66.0,58654.0,Petrol,110,1,0,1600,5,1070
11950.0,42.0,55968.0,Petrol,110,0,0,1600,3,1050
9500.0,61.0,78063.0,Petrol,107,1,1,1600,5,1100
6425.0,79.0,99397.0,Petrol,86,0,0,1300,5,1035
8500.0,78.0,43622.0,Petrol,86,1,0,1300,4,1000
8600.0,76.0,134889.0,Diesel,72,1,0,2000,3,1115
10950.0,62.0,56209.0,Petrol,107,1,1,1600,3,1080
18950.0,23.0,39704.0,Petrol,110,1,1,1600,5,1180
9950.0,65.0,55061.0,Petrol,110,1,0,1600,5,1070
13750.0,39.0,25062.0,Petrol,110,1,0,1600,5,1080
14950.0,23.0,10000.0,Petrol,97,1,0,1400,3,1100
8950.0,63.0,101469.0,Petrol,110,1,0,1600,3,1065
10990.0,53.0,70239.0,Petrol,110,0,0,1600,3,1040
9750.0,58.0,82254.0,petrol,110,0,0,1600,5,1050
8450.0,72.0,26000.0,Petrol,86,0,0,1300,3,1015
8750.0,69.0,75000.0,Petrol,86,1,0,1300,4,1000
8950.0,75.0,48400.0,Petrol,110,1,0,1600,5,1075
13750.0,38.0,28150.0,petrol,110,1,0,1600,5,1075
8950.0,63.0,74747.0,Petrol,110,1,0,1600,5,1075
13950.0,43.0,39650.0,Petrol,110,0,0,1600,3,1055
9950.0,37.0,44757.0,Petrol,97,0,0,1400,3,1025
8250.0,64.0,82723.0,Petrol,86,0,0,1300,3,1015
15950.0,20.0,29797.0,Petrol,97,1,0,1400,5,1110
11750.0,48.0,75045.0,Petrol,110,1,0,1600,3,1055
6950.0,58.0,205000.0,Diesel,72,1,0,2000,4,1100
5600.0,75.0,146197.0,Petrol,86,0,0,1300,3,1015
10500.0,56.0,52448.0,Petrol,97,0,0,1400,3,1025
15950.0,20.0,33329.0,Petrol,97,1,0,1400,3,1100
9750.0,62.0,61149.0,Petrol,86,1,0,1300,5,1040
8800.0,68.0,66550.0,Petrol,86,0,0,1332,3,1010
6950.0,43.0,243000.0,Diesel,69,0,0,1900,3,1110
23000.0,11.0,25000.0,Diesel,116,1,0,2000,5,1320
9950.0,63.0,41586.0,Petrol,110,1,0,1600,5,1114
9450.0,63.0,45000.0,petrol,110,1,0,1600,4,1035
10950.0,43.0,85017.0,Petrol,97,0,0,1400,5,1060
24950.0,8.0,13253.0,Diesel,116,1,0,2000,5,1320
9950.0,66.0,36658.0,Petrol,110,0,0,1600,3,1050
10500.0,68.0,26698.0,Petrol,110,0,0,1600,3,1055
18900.0,20.0,31850.0,Petrol,110,0,0,1600,3,1120
6950.0,76.0,1.0,Petrol,110,0,0,1600,5,1114
10950.0,59.0,22705.0,Petrol,110,1,0,1600,5,1075
9750.0,68.0,62292.0,Petrol,110,1,0,1600,3,1065
10900.0,49.0,97600.0,Petrol,110,1,0,1600,3,1045
4400.0,74.0,203254.0,diesel,72,1,0,2000,3,1135
9950.0,62.0,50000.0,Petrol,110,1,0,1600,5,1075
8900.0,59.0,61127.0,Petrol,110,1,0,1600,3,1050
15750.0,26.0,43000.0,petrol,97,0,0,1400,3,1100
22000.0,28.0,18739.0,Petrol,192,0,0,1800,3,1185
10950.0,50.0,74849.0,Petrol,110,1,1,1600,4,1060
9500.0,57.0,78955.0,Petrol,86,1,0,1300,5,1045
8250.0,67.0,57000.0,Petrol,110,0,0,1600,3,1050
8950.0,62.0,75000.0,Petrol,110,1,0,1600,5,1070
7950.0,68.0,57565.0,Petrol,86,1,0,1300,5,1035
10500.0,63.0,57413.0,Petrol,107,0,1,1600,5,1115
8900.0,61.0,79000.0,Petrol,110,1,0,1600,3,1050
8490.0,62.0,90000.0,Petrol,110,0,0,1600,3,1050
13500.0,35.0,48052.0,diesel,69,1,0,1900,3,1105
9450.0,67.0,99781.0,Petrol,110,1,0,1600,5,1085
15750.0,30.0,57086.0,Petrol,97,1,0,1400,5,1110
6500.0,70.0,91900.0,Petrol,86,1,0,1300,3,1015
18950.0,8.0,10000.0,Petrol,97,1,0,1400,5,1110
9950.0,68.0,119541.0,Petrol,110,0,0,1600,3,1055
9850.0,53.0,72000.0,petrol,97,1,0,1400,3,1025
10950.0,58.0,55478.0,Petrol,86,0,0,1300,5,1045
7950.0,61.0,102106.0,Petrol,110,0,0,1600,3,1050
7450.0,70.0,61510.0,Petrol,110,0,0,1600,4,1035
13500.0,38.0,53000.0,Petrol,110,1,0,1600,5,1075
8250.0,59.0,113700.0,Petrol,110,1,0,1600,5,1065
11450.0,37.0,21500.0,Petrol,110,1,0,1600,5,1030
9895.0,68.0,102494.0,Petrol,110,0,0,1600,5,1090
9950.0,61.0,44597.0,Petrol,86,0,0,1300,3,1015
9950.0,68.0,64950.0,Petrol,110,1,0,1600,5,1075
7250.0,77.0,121545.0,Petrol,110,1,0,1600,5,1070
9950.0,58.0,61343.0,Petrol,110,1,0,1600,5,1075
10450.0,61.0,80714.0,Petrol,110,1,0,1600,5,1075
16950.0,28.0,44142.0,Petrol,110,0,0,1600,3,1120
17200.0,20.0,17300.0,Petrol,97,1,0,1400,5,1110
5950.0,69.0,53809.0,Petrol,110,1,0,1600,3,1050
13500.0,43.0,48000.0,Petrol,110,1,0,1600,5,1075
11950.0,55.0,74715.0,Petrol,110,1,0,1600,5,1080
8250.0,80.0,76000.0,Petrol,110,0,0,1600,3,1050
9900.0,68.0,91505.0,Diesel,72,0,0,2000,3,1115
8250.0,65.0,80000.0,Petrol,86,1,0,1300,2,1015
11950.0,41.0,24000.0,Petrol,97,1,0,1400,3,1025
7950.0,62.0,112000.0,diesel,72,0,0,2000,4,1135
7400.0,75.0,73460.0,Petrol,110,1,0,1600,5,1070
9900.0,53.0,57475.0,Petrol,110,0,0,1600,3,1040
11790.0,34.0,78677.0,Petrol,110,1,1,1600,5,1105
13950.0,35.0,59500.0,Diesel,69,1,0,1900,3,1110
17950.0,30.0,33511.0,Petrol,110,1,0,1600,5,1130
11450.0,40.0,78425.0,Petrol,110,1,0,1600,5,1075
9950.0,79.0,68945.0,Petrol,110,1,0,1600,5,1085
6500.0,78.0,176000.0,Petrol,86,0,0,1300,5,1035
,60.0,,petrol,110,1,0,1600,5,1070
7000.0,73.0,47360.0,Petrol,86,0,0,1300,3,1010
31275.0,4.0,1500.0,Diesel,116,1,0,2000,5,1480
7950.0,60.0,80000.0,Petrol,86,0,0,1300,5,1015
11950.0,43.0,74285.0,Petrol,110,1,0,1600,5,1075
6900.0,68.0,104000.0,Petrol,86,1,0,1300,3,1015
11000.0,47.0,40000.0,Petrol,110,0,0,1600,5,1080
8950.0,79.0,40093.0,Petrol,110,0,0,1600,5,1114
10800.0,50.0,22500.0,petrol,97,1,0,1400,3,1025
9200.0,69.0,89096.0,petrol,110,1,0,1600,5,1085
13500.0,33.0,75699.0,Diesel,69,0,0,1900,3,1105
13500.0,43.0,55539.0,Petrol,110,1,0,1600,5,1085
10500.0,62.0,93098.0,petrol,110,1,0,1600,5,1075
21750.0,16.0,36000.0,petrol,110,1,0,1600,5,1130
19950.0,14.0,6000.0,Petrol,110,0,0,1600,5,1130
11950.0,60.0,74720.0,Petrol,110,1,0,1600,5,1085
7750.0,43.0,178858.0,CNG,110,0,0,1600,3,1084
10495.0,60.0,43426.0,petrol,110,1,0,1600,5,1070
10500.0,65.0,93428.0,Petrol,110,1,0,1600,5,1075
12950.0,39.0,34599.0,Petrol,110,1,0,1600,5,1075
7950.0,76.0,59815.0,petrol,110,1,0,1587,3,1055
5950.0,68.0,194545.0,Petrol,86,0,0,1300,4,1000
8500.0,72.0,60483.0,Petrol,110,1,0,1600,5,1075
11495.0,44.0,96829.0,Petrol,110,1,0,1600,5,1075
11950.0,50.0,47219.0,Petrol,110,1,0,1600,5,1080
13500.0,42.0,38932.0,Petrol,110,1,0,1600,3,1040
10500.0,42.0,92204.0,Petrol,110,1,0,1600,5,1075
11700.0,40.0,44830.0,Petrol,110,1,0,1600,5,1075
10850.0,43.0,54600.0,Petrol,110,0,0,1600,4,1030
6900.0,59.0,144521.0,diesel,72,1,0,2000,5,1135
8950.0,66.0,97046.0,Petrol,86,1,0,1300,4,1000
7800.0,65.0,66000.0,petrol,86,1,0,1300,3,1015
13250.0,32.0,45725.0,petrol,110,1,0,1600,5,1075
13750.0,54.0,40325.0,Petrol,86,0,0,1300,5,1045
7950.0,64.0,78356.0,Petrol,86,1,0,1300,3,1015
10500.0,50.0,83567.0,Petrol,110,0,0,1600,5,1075
19950.0,13.0,21428.0,Petrol,110,1,0,1600,5,1130
7950.0,73.0,99971.0,Petrol,110,1,0,1600,3,1050
9950.0,65.0,31588.0,Petrol,86,1,0,1300,3,1015
11290.0,49.0,80320.0,Petrol,110,1,1,1600,3,1070
9900.0,68.0,75000.0,Petrol,110,1,0,1600,5,1075
7145.0,80.0,74785.0,Petrol,110,1,0,1600,5,1070
10450.0,62.0,82421.0,Petrol,110,1,0,1600,3,1065
7750.0,77.0,84000.0,Petrol,110,1,0,1600,5,1085
14750.0,40.0,80425.0,Diesel,90,1,0,2000,5,1205
10500.0,65.0,68000.0,Petrol,110,0,0,1600,5,1075
17650.0,11.0,6155.0,Petrol,97,1,0,1400,5,1110
10950.0,39.0,48945.0,Petrol,110,0,0,1600,3,1040
10500.0,54.0,63135.0,Petrol,110,1,0,1600,3,1050
9950.0,43.0,37576.0,Petrol,97,0,0,1400,3,1030
9250.0,62.0,66082.0,Petrol,110,0,0,1600,5,1070
9400.0,69.0,67092.0,Diesel,72,1,0,2000,3,1115
15950.0,20.0,36000.0,Petrol,110,1,0,1600,5,1075
15850.0,13.0,33477.0,Petrol,110,1,0,1600,5,1075
10450.0,65.0,33000.0,Petrol,110,0,0,1600,3,1050
4450.0,56.0,129155.0,Diesel,69,0,0,1800,5,1110
9250.0,67.0,56074.0,Petrol,86,0,0,1300,4,1000
7995.0,79.0,75322.0,Petrol,110,1,0,1600,4,1115
8750.0,65.0,91246.0,Petrol,86,1,0,1300,3,1015
6900.0,80.0,70939.0,Petrol,110,1,1,1600,5,1100
10750.0,60.0,28500.0,petrol,86,1,1,1300,3,1045
8750.0,67.0,76569.0,Petrol,86,1,0,1300,3,1020
6500.0,80.0,105135.0,Petrol,110,1,0,1600,3,1050
7400.0,80.0,65950.0,Petrol,110,0,0,1600,5,1070
8950.0,79.0,138500.0,Petrol,86,0,0,1300,5,1050
12950.0,33.0,62000.0,petrol,110,1,0,1600,5,1075
16250.0,29.0,25813.0,Petrol,110,1,0,1600,3,1120
11500.0,48.0,63000.0,Diesel,69,1,0,1900,5,1140
8950.0,76.0,89520.0,Petrol,110,1,0,1600,3,1050
10950.0,56.0,35230.0,Petrol,97,0,0,1400,3,1025
9950.0,59.0,80430.0,Petrol,110,1,0,1600,3,1065
10950.0,65.0,49942.0,Petrol,110,0,0,1600,3,1065
9750.0,62.0,37000.0,Petrol,86,0,0,1300,3,1015
10950.0,53.0,26624.0,Petrol,97,0,0,1400,5,1060
7900.0,77.0,126000.0,Petrol,110,1,0,1600,5,1050
7950.0,64.0,132393.0,Diesel,72,0,0,2000,5,1135
8950.0,65.0,132807.0,Diesel,72,1,0,2000,5,1135
12495.0,39.0,50873.0,Petrol,110,1,0,1600,5,1075
12000.0,39.0,50000.0,Petrol,97,1,0,1400,5,1060
9450.0,63.0,77457.0,Petrol,110,1,0,1600,3,1055
8750.0,75.0,52000.0,Petrol,110,0,0,1600,5,1075
7800.0,73.0,56566.0,Petrol,110,1,0,1600,3,1050
12950.0,43.0,89968.0,Diesel,69,1,0,1900,5,1140
17950.0,17.0,33740.0,Petrol,97,1,0,1400,5,1135
10900.0,57.0,33535.0,Petrol,110,0,0,1600,4,1035
8750.0,74.0,89800.0,Diesel,72,1,0,2000,3,1115
9450.0,57.0,61000.0,Petrol,110,1,0,1600,3,1050
17950.0,24.0,21716.0,Petrol,110,1,0,1600,3,1105
11950.0,56.0,65000.0,Petrol,110,1,0,1600,5,1075
11250.0,61.0,61144.0,Petrol,110,1,0,1600,5,1090
9500.0,63.0,103400.0,Petrol,110,1,0,1600,5,1075
7950.0,70.0,87000.0,Petrol,110,1,0,1600,4,1035
8250.0,52.0,135258.0,Diesel,69,1,0,1900,5,1140
7750.0,78.0,100487.0,Petrol,110,0,0,1600,4,1035
8500.0,73.0,84988.0,Petrol,110,1,0,1600,3,1050
11950.0,41.0,21651.0,Petrol,97,0,0,1400,3,1025
10950.0,50.0,82735.0,petrol,97,1,0,1400,3,1030
8150.0,76.0,36537.0,petrol,110,0,1,1600,4,1075
9900.0,42.0,37000.0,Petrol,97,1,0,1400,3,1025
7450.0,74.0,112307.0,Petrol,110,1,0,1600,5,1070
19450.0,11.0,14635.0,petrol,110,1,1,1600,3,1155
13950.0,41.0,37533.0,Petrol,110,1,0,1600,5,1075
13950.0,40.0,45600.0,Petrol,110,1,1,1600,5,1105
7950.0,73.0,103121.0,Petrol,86,1,0,1300,5,1035
11450.0,56.0,74500.0,Petrol,97,0,0,1400,3,1025
10900.0,54.0,37000.0,Petrol,97,1,0,1400,3,1025
9950.0,61.0,66000.0,Petrol,110,0,0,1600,3,1050
21950.0,8.0,5000.0,petrol,110,1,0,1600,5,1130
13950.0,52.0,66527.0,petrol,110,1,0,1600,5,1080
10950.0,57.0,61682.0,petrol,110,0,0,1600,3,1050
22250.0,17.0,57313.0,Diesel,110,1,0,2000,5,1275
7950.0,80.0,35821.0,Petrol,86,0,1,1300,3,1015
9900.0,57.0,31307.0,Petrol,110,1,0,1600,5,1070
10950.0,47.0,46391.0,Petrol,110,0,0,1600,5,1075
9250.0,66.0,52383.0,Petrol,86,0,0,1300,3,1015
8950.0,68.0,74308.0,Petrol,110,0,0,1600,3,1050
8000.0,78.0,77000.0,Petrol,110,0,0,1600,3,1050
8250.0,77.0,93000.0,petrol,110,1,0,1600,5,1075
5150.0,56.0,113997.0,Diesel,72,1,0,2000,5,1135
8450.0,65.0,80439.0,Petrol,110,1,0,1600,4,1035
8950.0,68.0,77029.0,petrol,86,1,0,1300,3,1015
9900.0,63.0,68238.0,Petrol,86,0,0,1300,5,1050
9950.0,63.0,57000.0,Petrol,110,1,0,1600,3,1050
9130.0,67.0,79762.0,Petrol,86,1,0,1300,3,1015
18950.0,16.0,11000.0,Petrol,110,1,0,1600,4,1105
8750.0,62.0,80265.0,Petrol,86,0,0,1300,3,1015
8600.0,68.0,117955.0,petrol,110,1,1,1600,4,1065
16750.0,24.0,25563.0,petrol,110,0,0,1600,3,1065
7450.0,75.0,67451.0,Petrol,86,1,0,1300,4,1000
9950.0,68.0,80426.0,Petrol,110,1,0,1600,3,1055
9000.0,79.0,61165.0,Petrol,107,1,1,1600,3,1080
9650.0,67.0,69000.0,Petrol,110,1,0,1600,3,1065
9450.0,61.0,59000.0,Petrol,110,1,0,1600,5,1070
8990.0,65.0,76155.0,Petrol,110,1,0,1600,4,1035
7350.0,58.0,54000.0,Petrol,86,0,0,1300,5,1035
7750.0,71.0,74000.0,Petrol,110,0,0,1600,3,1050
10950.0,51.0,103018.0,Diesel,69,0,0,1900,5,1140
6750.0,80.0,66168.0,Petrol,86,1,0,1300,3,1015
9950.0,67.0,42102.0,Petrol,110,1,0,1600,5,1075
17950.0,30.0,11090.0,Petrol,110,1,0,1600,3,1120
8500.0,73.0,52000.0,Petrol,110,1,1,1600,4,1065
12850.0,39.0,45713.0,petrol,97,1,0,1400,5,1085
8750.0,71.0,106150.0,Petrol,86,0,0,1300,3,1015
8900.0,49.0,74494.0,Petrol,110,1,0,1600,5,1075
20950.0,25.0,31461.0,petrol,192,0,0,1800,3,1185
6950.0,75.0,65006.0,petrol,86,1,0,1300,3,1015
11500.0,39.0,12000.0,Petrol,110,1,0,1600,5,1075
8895.0,61.0,50925.0,Petrol,110,1,0,1600,5,1070
12950.0,40.0,45886.0,petrol,110,1,0,1600,5,1080
9950.0,63.0,89000.0,Petrol,110,1,0,1600,5,1085
9950.0,54.0,49366.0,petrol,97,1,0,1400,3,1025
7300.0,80.0,92096.0,Petrol,86,1,0,1300,5,1035
11950.0,40.0,161000.0,Diesel,69,1,0,1900,3,1105
8950.0,70.0,44850.0,Petrol,110,1,0,1600,3,1050
10250.0,54.0,47852.0,petrol,110,1,0,1600,4,1030
10500.0,57.0,54000.0,Petrol,110,1,0,1600,5,1075
12450.0,35.0,71200.0,Petrol,110,1,0,1600,5,1075
18950.0,49.0,49568.0,Petrol,110,1,0,1600,3,1105
15750.0,29.0,41415.0,Petrol,110,1,0,1600,3,1120
12900.0,39.0,55678.0,Petrol,110,1,0,1600,4,1030
13500.0,33.0,57711.0,Diesel,90,1,0,2000,3,1165
8250.0,76.0,67266.0,petrol,86,1,0,1300,5,1035
7750.0,68.0,53000.0,Petrol,86,0,0,1300,3,1015
8750.0,78.0,75226.0,Petrol,110,0,0,1600,4,1035
8950.0,68.0,64000.0,petrol,110,0,0,1600,5,1075
19750.0,17.0,11999.0,Petrol,110,1,0,1600,5,1130
9950.0,49.0,131364.0,Petrol,110,1,0,1600,5,1075
7950.0,67.0,72880.0,Petrol,86,1,0,1332,3,1015
8250.0,65.0,36000.0,Petrol,86,1,0,1300,3,1015
18950.0,15.0,20270.0,Petrol,110,1,0,1600,5,1130
9450.0,66.0,126452.0,Petrol,110,1,0,1600,5,1085
6950.0,72.0,99245.0,Petrol,110,1,0,1600,5,1114
6900.0,60.0,139800.0,Diesel,72,0,0,2000,3,1115
7950.0,67.0,135337.0,CNG,110,1,0,1600,5,1120
7950.0,75.0,76382.0,Petrol,110,1,0,1600,3,1055
9500.0,64.0,52968.0,Petrol,110,1,0,1600,3,1050
8900.0,67.0,54847.0,Petrol,110,0,0,1600,3,1050
12750.0,40.0,50640.0,Petrol,110,1,0,1600,5,1075
7400.0,75.0,74096.0,petrol,110,1,0,1600,3,1050
6750.0,77.0,90000.0,Petrol,86,1,0,1300,3,1015
8500.0,78.0,36000.0,Petrol,86,0,1,1300,3,1045
17950.0,27.0,79375.0,Diesel,90,1,0,2000,5,1255
7750.0,77.0,71900.0,Petrol,86,1,0,1300,3,1015
11925.0,44.0,63451.0,Petrol,97,0,0,1400,3,1025
7750.0,79.0,71359.0,Petrol,110,1,0,1600,3,1050
12900.0,52.0,29500.0,Petrol,110,1,0,1600,3,1055
6650.0,78.0,95909.0,Petrol,110,1,0,1600,5,1070
7950.0,68.0,115071.0,Petrol,110,1,0,1600,3,1055
9950.0,65.0,63000.0,Petrol,86,1,1,1300,5,1065
7795.0,75.0,100192.0,Petrol,110,1,0,1600,3,1050
6950.0,80.0,71740.0,petrol,110,1,0,1600,5,1070
12750.0,43.0,30742.0,Petrol,110,1,0,1600,3,1040
8695.0,50.0,70440.0,Diesel,69,1,0,1900,3,1105
10600.0,51.0,17069.0,petrol,97,1,0,1400,3,1025
10950.0,55.0,58377.0,Petrol,110,1,0,1600,3,1050
9950.0,64.0,74193.0,Petrol,110,0,0,1600,3,1050
7950.0,68.0,119289.0,Petrol,110,1,0,1600,4,1035
9500.0,62.0,59295.0,Petrol,86,0,0,1300,5,1035
23750.0,8.0,11000.0,Petrol,110,1,0,1600,5,1130
16250.0,13.0,25170.0,Petrol,110,1,0,1600,5,1105
8900.0,45.0,174000.0,Diesel,69,1,0,1900,5,1095
7950.0,74.0,124057.0,Petrol,110,1,0,1600,3,1050
7499.0,80.0,63500.0,Petrol,110,1,0,1600,3,1050
11250.0,54.0,66063.0,Petrol,110,1,0,1600,5,1090
9950.0,55.0,44537.0,Petrol,97,0,0,1400,3,1025
7450.0,70.0,47955.0,Petrol,110,1,0,1600,5,1070
8050.0,74.0,100732.0,Petrol,86,1,1,1300,4,1030
9390.0,66.0,50806.0,Petrol,86,0,0,1300,3,1480
8250.0,63.0,72522.0,petrol,110,1,0,1600,3,1050
5750.0,73.0,115877.0,petrol,110,0,0,1600,4,1035
6750.0,74.0,101000.0,Petrol,86,0,0,1300,3,1015
7750.0,76.0,81930.0,Petrol,110,0,0,1600,5,1070
7750.0,73.0,134539.0,Petrol,110,0,0,1600,5,1070
12900.0,33.0,31000.0,petrol,110,1,0,1600,5,1075
8950.0,79.0,93039.0,Petrol,110,1,0,1600,3,1050
6950.0,68.0,70000.0,Petrol,86,1,0,1300,3,1015
8950.0,76.0,120263.0,Diesel,72,1,0,2000,5,1135
11250.0,56.0,58142.0,Petrol,110,1,0,1600,5,1080
9450.0,62.0,62377.0,petrol,110,1,0,1600,5,1075
19950.0,16.0,34472.0,Diesel,90,1,0,1995,3,1260
9995.0,61.0,73894.0,Petrol,110,1,0,1600,3,1065
7250.0,70.0,16916.0,Petrol,86,1,0,1300,3,1015
8750.0,59.0,50469.0,Petrol,110,1,0,1600,5,1070
10750.0,57.0,45000.0,Petrol,110,1,0,1600,5,1050
7500.0,71.0,48576.0,petrol,86,1,0,1300,3,1015
18900.0,11.0,12500.0,Petrol,110,1,0,1600,5,1115
9950.0,67.0,113118.0,Petrol,86,1,0,1300,3,1020
11450.0,48.0,49417.0,Petrol,110,1,0,1600,3,1045
9950.0,58.0,62024.0,petrol,110,1,0,1600,5,1075
11450.0,49.0,86221.0,Petrol,110,0,0,1600,3,1045
9950.0,67.0,75429.0,Petrol,110,1,0,1600,3,1065
9250.0,80.0,128351.0,Petrol,110,1,0,1600,5,1070
11500.0,52.0,35823.0,Petrol,110,0,0,1600,5,1075
7500.0,78.0,71186.0,Petrol,110,0,0,1600,3,1050
10950.0,49.0,53116.0,Petrol,97,1,0,1400,3,1025
11895.0,44.0,44218.0,petrol,97,1,0,1400,5,1060
19500.0,8.0,10077.0,Petrol,97,1,0,1400,5,1110
10950.0,54.0,96100.0,Petrol,110,1,0,1600,5,1080
17450.0,17.0,10000.0,Petrol,97,1,0,1400,3,1100
8250.0,63.0,94504.0,Petrol,86,1,0,1300,4,1000
15250.0,26.0,43000.0,Petrol,97,0,0,1400,5,1110
13950.0,22.0,46961.0,Petrol,97,0,0,1400,3,1100
8500.0,55.0,150000.0,CNG,110,1,0,1600,3,1075
9250.0,68.0,84482.0,Petrol,110,1,0,1600,5,1075
7750.0,54.0,174139.0,Diesel,72,1,0,2000,4,1100
8900.0,78.0,57628.0,Petrol,110,0,0,1600,5,1075
9950.0,63.0,59000.0,Petrol,86,1,0,1300,5,1035
6500.0,72.0,110634.0,Petrol,86,1,0,1300,3,1015
18950.0,8.0,7000.0,Petrol,110,0,0,1600,5,1115
16450.0,20.0,22588.0,Petrol,97,1,0,1400,5,1110
11690.0,34.0,65345.0,Petrol,97,1,0,1400,5,1060
9930.0,53.0,63635.0,Petrol,110,1,0,1600,4,1035
9950.0,50.0,126110.0,Petrol,110,0,0,1600,3,1055
8950.0,68.0,53000.0,Petrol,110,1,1,1587,3,1075
9900.0,65.0,97173.0,Petrol,86,0,0,1300,3,1015
10500.0,56.0,48731.0,Petrol,110,1,0,1600,3,1055
8250.0,66.0,81250.0,petrol,110,0,0,1600,3,1050
8450.0,75.0,38945.0,Petrol,110,1,0,1600,3,1050
12950.0,35.0,33258.0,Petrol,110,1,0,1600,5,1075
9750.0,48.0,78600.0,Petrol,110,1,0,1600,5,1075
7950.0,75.0,69388.0,Petrol,86,0,0,1300,3,1010
9250.0,71.0,76000.0,petrol,110,1,0,1600,5,1070
11500.0,65.0,53053.0,Petrol,110,1,0,1600,5,1075
8250.0,80.0,87000.0,Petrol,86,1,0,1300,3,1015
11500.0,47.0,78785.0,CompressedNaturalGas,110,1,0,1600,5,1119
8750.0,66.0,62135.0,Petrol,86,1,0,1300,5,1035
8250.0,76.0,84472.0,Petrol,110,1,0,1600,5,1070
9950.0,63.0,48738.0,Petrol,110,0,0,1600,5,1055
8500.0,71.0,17016.0,Petrol,86,0,0,1300,3,1015
8250.0,66.0,39144.0,Petrol,110,1,0,1600,3,1050
7500.0,71.0,83291.0,Petrol,110,1,0,1600,5,1070
10450.0,58.0,30634.0,Petrol,110,1,0,1600,5,1075
7750.0,73.0,111602.0,Petrol,86,1,0,1300,3,1015
11950.0,40.0,179860.0,Diesel,90,1,0,2000,5,1205
10950.0,60.0,37111.0,Petrol,110,1,0,1600,3,1050
10500.0,59.0,61166.0,Petrol,110,1,0,1600,3,1050
7990.0,77.0,80486.0,Petrol,110,1,0,1600,5,1070
12950.0,45.0,36000.0,Petrol,110,1,1,1600,3,1070
7450.0,72.0,87083.0,Petrol,110,0,0,1600,4,1035
10500.0,50.0,73634.0,Petrol,110,0,0,1587,5,1075
6950.0,73.0,88186.0,Diesel,72,1,0,2000,3,1115
7750.0,55.0,137000.0,Diesel,72,1,0,2000,5,1135
9900.0,66.0,94606.0,Petrol,110,0,0,1600,3,1065
16950.0,27.0,110404.0,Diesel,90,0,0,2000,5,1255
7950.0,69.0,83133.0,Petrol,86,0,0,1300,3,1015
13950.0,24.0,41711.0,Diesel,90,1,0,2000,3,1165
11750.0,38.0,16000.0,Petrol,97,1,0,1400,5,1060
11450.0,37.0,38812.0,Petrol,97,0,0,1400,3,1025
16500.0,20.0,35000.0,Petrol,97,1,0,1400,5,1110
19950.0,14.0,5459.0,Petrol,110,1,0,1600,5,1130
10900.0,50.0,46000.0,Petrol,97,0,0,1400,3,1025
12450.0,34.0,49291.0,Petrol,110,1,0,1600,3,1040
18600.0,30.0,75889.0,Diesel,90,1,0,2000,3,1245
9900.0,68.0,62222.0,Petrol,110,0,0,1600,5,1075
9450.0,65.0,92226.0,Petrol,110,0,0,1600,3,1065
15999.0,30.0,38950.0,Petrol,110,1,0,1600,5,1130
7750.0,80.0,57000.0,Petrol,86,0,0,1300,4,1000
8950.0,68.0,119500.0,petrol,110,1,0,1600,5,1070
9500.0,65.0,70068.0,Petrol,110,1,0,1600,5,1075
15950.0,25.0,25000.0,Petrol,97,0,0,1400,3,1100
9900.0,67.0,49585.0,Petrol,110,0,0,1600,5,1085
11450.0,50.0,50400.0,Petrol,110,0,0,1600,5,1080
8250.0,59.0,112827.0,Petrol,86,1,0,1300,5,1040
10995.0,50.0,41273.0,Petrol,97,0,0,1400,5,1060
8950.0,60.0,58269.0,Petrol,110,1,0,1600,3,1050
13250.0,41.0,123425.0,Diesel,69,1,0,1900,5,1140
12250.0,60.0,96000.0,Diesel,72,0,0,2000,4,1100
9950.0,64.0,58136.0,petrol,110,1,0,1600,5,1075
9895.0,67.0,79858.0,Petrol,110,1,0,1600,4,1040
9500.0,79.0,56214.0,Petrol,86,0,0,1300,3,1015
8950.0,74.0,48242.0,Petrol,86,1,0,1300,5,1035
8450.0,68.0,90727.0,petrol,110,0,0,1600,3,1050
7450.0,78.0,87743.0,Petrol,110,0,0,1600,3,1055
17450.0,18.0,23902.0,petrol,97,1,0,1400,3,1100
9950.0,75.0,107000.0,Petrol,110,1,0,1600,3,1050
10500.0,60.0,79150.0,Petrol,110,1,0,1600,5,1075
7350.0,65.0,140168.0,Diesel,72,1,0,2000,3,1115
11450.0,41.0,84312.0,Petrol,110,0,0,1600,5,1080
7750.0,63.0,109230.0,Petrol,110,0,0,1600,3,1050
7750.0,74.0,120196.0,Petrol,110,1,0,1600,3,1050
8750.0,80.0,82021.0,petrol,86,1,0,1300,5,1035
8950.0,65.0,62225.0,Petrol,110,1,0,1600,3,1050
21500.0,27.0,19700.0,Petrol,192,0,0,1800,3,1185
8950.0,74.0,61700.0,Petrol,110,0,0,1600,5,1070
9250.0,53.0,90097.0,diesel,69,1,0,1900,5,1140
8250.0,65.0,80086.0,Petrol,110,1,0,1600,4,1035
16950.0,26.0,32181.0,Petrol,110,1,0,1600,5,1075
13250.0,44.0,21027.0,Petrol,110,1,0,1600,5,1080
6990.0,79.0,95700.0,petrol,110,0,0,1600,5,1085
9950.0,47.0,26221.0,Petrol,97,1,0,1400,3,1025
10500.0,50.0,54465.0,petrol,110,0,0,1600,5,1075
11950.0,42.0,61300.0,Petrol,97,1,0,1400,3,1030
11250.0,44.0,36066.0,Petrol,110,1,0,1600,3,1040
11930.0,49.0,31999.0,Petrol,97,0,0,1400,3,1030
10950.0,59.0,32150.0,Petrol,110,1,0,1600,5,1085
9750.0,58.0,105942.0,Petrol,86,0,0,1300,5,1040
18500.0,13.0,18000.0,Petrol,71,0,0,1400,3,1125
11950.0,47.0,40361.0,Petrol,110,1,0,1600,5,1090
11500.0,68.0,61100.0,petrol,110,1,0,1600,5,1075
14350.0,41.0,24475.0,Petrol,110,1,0,1600,5,1030
8950.0,71.0,72128.0,Petrol,107,1,1,1600,5,1100
8900.0,78.0,97534.0,Petrol,110,1,0,1600,5,1070
10950.0,67.0,65785.0,Petrol,110,1,0,1600,5,1075
9500.0,79.0,100719.0,petrol,110,0,0,1600,5,1070
8750.0,76.0,104344.0,Petrol,110,1,0,1600,3,1050
11950.0,37.0,82743.0,methane,110,1,0,1600,5,1121
9995.0,57.0,55844.0,petrol,86,1,0,1300,5,1045
10950.0,59.0,78750.0,Diesel,90,1,0,1975,5,1155
6950.0,77.0,77000.0,Petrol,86,0,0,1300,3,1015
6450.0,75.0,101855.0,Petrol,110,1,0,1600,5,1070
9450.0,59.0,70218.0,Petrol,110,1,0,1600,3,1050
10500.0,62.0,47750.0,Petrol,86,1,0,1300,5,1040
7950.0,77.0,72703.0,Petrol,110,1,0,1600,3,1050
8250.0,80.0,60476.0,Petrol,110,1,0,1600,5,1114
12900.0,41.0,61200.0,Petrol,110,1,0,1600,3,1045
8950.0,71.0,29000.0,Petrol,86,1,1,1300,3,1045
7950.0,79.0,131500.0,diesel,72,0,0,2000,5,1140
9950.0,50.0,102030.0,Petrol,97,1,0,1400,5,1060
10250.0,62.0,53285.0,Petrol,110,1,0,1600,5,1075
9950.0,42.0,105699.0,Petrol,97,1,0,1400,3,1025
9500.0,59.0,86871.0,Petrol,86,1,0,1300,5,1040
10500.0,56.0,19313.0,Petrol,97,0,0,1400,3,1025
9800.0,68.0,83000.0,petrol,107,1,1,1600,5,1100
9799.0,51.0,59000.0,Petrol,97,1,0,1400,3,1025
,64.0,,Diesel,72,1,0,2000,5,1135
6950.0,68.0,155720.0,Petrol,86,1,0,1300,3,1015
8950.0,71.0,65021.0,Diesel,72,1,0,2000,3,1115
24500.0,13.0,19988.0,Petrol,110,1,0,1600,5,1130
13950.0,51.0,53268.0,Petrol,110,1,0,1600,5,1080
9750.0,52.0,89000.0,Petrol,110,0,0,1600,5,1075
6900.0,76.0,125778.0,Petrol,110,0,0,1600,3,1050
,,71000.0,petrol,110,0,0,1600,5,1070
7250.0,78.0,78689.0,Petrol,110,0,0,1600,4,1035
9250.0,61.0,110853.0,Petrol,110,1,0,1600,5,1070
8950.0,66.0,39222.0,Petrol,86,1,1,1300,3,1045
8450.0,75.0,101159.0,Petrol,110,1,0,1600,5,1085
9900.0,62.0,57179.0,petrol,110,1,0,1600,5,1075
10950.0,49.0,107859.0,Petrol,97,0,0,1400,5,1060
12950.0,50.0,29686.0,Petrol,110,1,1,1600,3,1075
9950.0,67.0,108793.0,Petrol,110,1,0,1600,4,1035
11750.0,52.0,46449.0,Petrol,110,1,0,1600,4,1035
32500.0,4.0,1.0,Diesel,116,0,0,2000,5,1480
9950.0,44.0,39000.0,petrol,97,1,0,1400,3,1025
10950.0,52.0,99323.0,Petrol,110,1,0,1600,3,1055
7460.0,80.0,111392.0,CNG,110,0,0,1598,3,1083
11500.0,55.0,63000.0,Petrol,110,0,0,1600,4,1035
10500.0,52.0,46029.0,petrol,110,1,0,1600,4,1030
7950.0,76.0,124591.0,Petrol,110,1,0,1600,5,1075
13950.0,22.0,49059.0,Petrol,97,0,0,1400,3,1100
19950.0,8.0,8574.0,Petrol,110,1,0,1600,5,1130
5950.0,71.0,75085.0,petrol,86,0,0,1300,5,1035
10750.0,56.0,47211.0,petrol,110,1,0,1600,5,1070
11950.0,41.0,29056.0,petrol,97,1,0,1400,5,1060
11000.0,41.0,33000.0,Petrol,110,1,1,1600,5,1075
15950.0,19.0,29435.0,Petrol,97,1,0,1400,3,1100
7950.0,68.0,74889.0,Petrol,86,1,0,1300,3,1015
6950.0,80.0,84000.0,Petrol,110,0,0,1600,5,1075
8450.0,65.0,93408.0,Petrol,86,0,0,1300,3,1015
11950.0,40.0,17051.0,Petrol,97,0,0,1400,5,1060
9450.0,61.0,54125.0,petrol,110,1,0,1600,5,1035
13750.0,54.0,48370.0,petrol,110,1,0,1600,5,1080
9450.0,64.0,72000.0,Petrol,86,1,0,1300,3,1015
8950.0,62.0,125175.0,Diesel,116,0,0,2000,5,1150
7600.0,78.0,74926.0,Petrol,110,1,0,1600,5,1075
12995.0,32.0,29198.0,Petrol,97,1,0,1400,5,1060
7750.0,70.0,151300.0,Diesel,72,1,0,2000,5,1150
8950.0,68.0,54875.0,Petrol,110,1,0,1600,5,1070
9900.0,80.0,92255.0,Petrol,107,0,1,1600,5,1105
10995.0,55.0,36406.0,Petrol,110,1,0,1600,4,1035
19950.0,28.0,28000.0,Petrol,110,0,0,1600,5,1130
9950.0,63.0,47612.0,Petrol,86,0,0,1300,3,1015
10950.0,42.0,33623.0,Petrol,97,1,0,1400,3,1025
12950.0,43.0,43632.0,Petrol,110,1,0,1600,5,1075
10850.0,54.0,47768.0,Petrol,110,0,0,1600,3,1055
8950.0,79.0,66855.0,Petrol,110,1,0,1600,5,1075
9250.0,74.0,96000.0,Petrol,110,1,0,1600,5,1085
8250.0,63.0,44944.0,Petrol,110,1,0,1600,4,1035
9950.0,52.0,65170.0,Petrol,97,1,0,1400,3,1025
9950.0,58.0,72928.0,Petrol,110,1,0,1600,5,1075
12900.0,38.0,22865.0,petrol,110,1,0,1600,5,1075
9750.0,68.0,58860.0,petrol,110,1,0,1600,3,1055
8500.0,60.0,61977.0,Petrol,86,1,0,1300,3,1015
7750.0,65.0,58300.0,Petrol,86,1,0,1300,3,1015
11895.0,41.0,39439.0,Petrol,97,0,0,1400,5,1060
8250.0,72.0,86860.0,Petrol,110,0,0,1600,5,1075
10950.0,38.0,41754.0,Petrol,110,0,0,1600,3,1040
11950.0,35.0,65988.0,Petrol,110,1,0,1600,3,1040
18950.0,13.0,57037.0,Petrol,110,0,0,1600,5,1115
19600.0,9.0,7650.0,Petrol,110,1,0,1600,5,1115
,,60239.0,Petrol,110,1,0,1600,5,1075
11950.0,47.0,57500.0,Petrol,110,1,0,1600,4,1105
9950.0,63.0,55942.0,Petrol,110,1,0,1600,5,1070
7750.0,72.0,106108.0,Petrol,110,1,0,1600,3,1050
8950.0,61.0,60532.0,Petrol,110,1,0,1600,3,1050
5950.0,77.0,145996.0,Petrol,110,0,0,1600,4,1035
15950.0,19.0,51884.0,Petrol,97,1,0,1400,3,1100
10750.0,36.0,36269.0,Petrol,110,1,0,1600,5,1075
8500.0,71.0,120000.0,Petrol,110,0,0,1600,5,1085
7750.0,48.0,140700.0,Diesel,69,1,0,1900,5,1110
,,,Petrol,86,1,0,1300,3,1015
9450.0,54.0,138394.0,Diesel,69,1,0,1900,4,1095
9900.0,64.0,41200.0,Petrol,110,0,0,1600,5,1070
16250.0,20.0,32627.0,Petrol,97,1,0,1400,5,1110
9750.0,64.0,106784.0,Petrol,110,0,1,1600,3,1050
7950.0,66.0,45000.0,Petrol,86,1,0,1300,5,1035
11950.0,42.0,30190.0,Petrol,110,1,0,1600,5,1075
8950.0,69.0,75000.0,Petrol,86,1,0,1300,4,1000
9995.0,61.0,57169.0,Petrol,110,1,0,1600,3,1065
11480.0,41.0,47350.0,Petrol,110,1,0,1600,5,1075
11950.0,58.0,34000.0,Petrol,110,0,0,1600,5,1075
7950.0,79.0,72328.0,Petrol,110,1,0,1600,5,1075
8950.0,62.0,74457.0,petrol,110,0,0,1600,5,1075
8750.0,68.0,125000.0,Diesel,72,1,0,2000,3,1115
10250.0,52.0,49432.0,Petrol,110,1,0,1600,3,1050
7950.0,65.0,78076.0,petrol,86,1,0,1300,3,1015
9950.0,59.0,67010.0,Petrol,110,1,0,1600,3,1065
10750.0,46.0,69574.0,Petrol,97,0,0,1400,5,1065
6450.0,71.0,151000.0,CompressedNaturalGas,110,1,0,1600,5,1094
9950.0,57.0,102300.0,diesel,72,1,0,2000,5,1135
6950.0,79.0,218118.0,Diesel,72,0,0,2000,5,1150
11500.0,46.0,34000.0,Petrol,110,1,0,1600,5,1075
17950.0,31.0,16238.0,Petrol,110,1,1,1600,5,1180
8450.0,71.0,98154.0,Petrol,110,1,0,1600,3,1050
16650.0,25.0,15414.0,Petrol,97,1,0,1400,5,1110
12950.0,38.0,48197.0,petrol,110,1,0,1600,5,1075
12400.0,34.0,32431.0,Petrol,97,1,0,1400,5,1060
7800.0,64.0,65000.0,Petrol,110,1,0,1600,3,1050
7950.0,74.0,123077.0,Petrol,86,1,0,1300,3,1015
8950.0,77.0,78435.0,petrol,86,0,0,1300,3,1015
5250.0,72.0,126478.0,Petrol,110,1,0,1600,4,1035
10250.0,55.0,77780.0,petrol,110,0,0,1600,3,1040
6999.0,71.0,64000.0,petrol,110,1,0,1600,5,1070
10000.0,57.0,28000.0,Petrol,86,0,0,1300,3,1015
17950.0,20.0,7187.0,Petrol,110,1,0,1600,3,1105
12750.0,37.0,39757.0,Petrol,110,1,0,1600,5,1075
13500.0,33.0,48928.0,Diesel,69,1,0,1900,3,1105
9950.0,61.0,76700.0,Petrol,86,1,0,1300,5,1035
6750.0,73.0,156169.0,Petrol,86,1,0,1300,5,1035
10950.0,48.0,26938.0,Petrol,110,1,0,1600,3,1040
8000.0,58.0,70560.0,Petrol,110,1,0,1600,3,1050
8900.0,66.0,76791.0,Petrol,110,1,0,1600,5,1070
8950.0,54.0,149329.0,Diesel,72,1,0,2000,5,1135
5800.0,78.0,161775.0,Petrol,86,1,0,1300,3,1015
9750.0,65.0,59000.0,Petrol,110,0,0,1600,5,1075
7450.0,80.0,49580.0,Petrol,110,1,0,1600,4,1035
8600.0,69.0,57096.0,Petrol,86,1,0,1300,3,1025
11695.0,43.0,33113.0,Petrol,110,1,0,1600,5,1075
17795.0,1.0,1.0,Petrol,98,1,0,1400,4,1100
12500.0,36.0,43427.0,Petrol,110,1,0,1600,3,1040
18990.0,20.0,23175.0,Petrol,110,1,0,1600,3,1120
8750.0,68.0,61504.0,Petrol,110,1,0,1600,4,1035
9000.0,68.0,65000.0,Petrol,110,0,0,1600,5,1070
9500.0,54.0,62519.0,Petrol,97,0,0,1400,3,1025
11750.0,40.0,32532.0,Petrol,110,1,0,1600,3,1040
11950.0,38.0,32781.0,Petrol,110,0,0,1600,5,1075
10500.0,54.0,115046.0,Diesel,69,1,0,1900,5,1140
8950.0,78.0,24000.0,Petrol,86,1,1,1300,5,1065
10950.0,65.0,81192.0,petrol,110,1,0,1600,3,1065
8750.0,64.0,98291.0,Petrol,86,0,0,1300,4,1000
10295.0,67.0,62316.0,Petrol,110,1,0,1600,3,1050
5740.0,74.0,159908.0,Petrol,110,0,0,1600,3,1050
8450.0,77.0,61906.0,Petrol,86,1,1,1300,5,1065
8250.0,72.0,93066.0,Petrol,110,1,0,1600,5,1075
11950.0,51.0,50000.0,Petrol,86,1,0,1300,5,1045
8950.0,65.0,75000.0,Petrol,86,0,0,1300,3,1015
9750.0,68.0,69103.0,Petrol,110,0,0,1600,4,1035
9950.0,78.0,30964.0,Petrol,110,0,1,1600,3,1080
10750.0,50.0,76167.0,Petrol,97,1,0,1400,5,1060
7250.0,78.0,87000.0,Petrol,110,1,0,1600,4,1035
19950.0,22.0,43610.0,petrol,192,0,0,1800,3,1185
12950.0,39.0,45081.0,Petrol,110,1,0,1600,5,1075
24950.0,8.0,13253.0,Diesel,116,1,0,2000,5,1320
5950.0,59.0,105000.0,Petrol,86,1,0,1300,3,1015
16950.0,30.0,64359.0,Petrol,110,1,0,1600,3,1105
12750.0,33.0,27240.0,Petrol,110,1,0,1600,5,1075
8950.0,64.0,133769.0,Diesel,72,1,0,2000,3,1120
9500.0,58.0,73172.0,Petrol,110,1,0,1600,5,1075
9450.0,52.0,104805.0,Petrol,97,1,0,1400,3,1025
6900.0,69.0,58952.0,Petrol,110,1,0,1600,3,1050
21950.0,8.0,9788.0,Petrol,110,1,0,1600,5,1130
10450.0,65.0,36000.0,petrol,110,1,0,1600,3,1065
12500.0,48.0,43120.0,petrol,97,1,0,1400,3,1030
7750.0,73.0,34717.0,Petrol,86,0,0,1300,3,1015
6950.0,77.0,90305.0,petrol,86,1,0,1300,3,1015
10450.0,50.0,17619.0,Petrol,110,0,0,1600,4,1030
8950.0,65.0,47014.0,Petrol,86,1,0,1300,3,1015
16950.0,19.0,13748.0,petrol,97,1,0,1400,3,1100
7950.0,76.0,71000.0,Petrol,110,1,0,1600,3,1050
7950.0,73.0,107108.0,Petrol,110,1,0,1600,3,1050
9950.0,61.0,45000.0,Petrol,107,0,1,1600,3,1085
21750.0,13.0,13178.0,Petrol,110,1,0,1600,5,1130
8950.0,61.0,100748.0,Petrol,110,0,0,1600,5,1070
7500.0,50.0,1.0,Diesel,90,1,0,2000,3,1260
22500.0,6.0,3000.0,Petrol,110,0,0,1600,5,1130
10450.0,60.0,47060.0,Petrol,110,0,0,1600,4,1035
8950.0,62.0,25505.0,Petrol,86,1,0,1300,5,1035
19950.0,7.0,6250.0,Petrol,110,1,0,1600,5,1115
8450.0,63.0,88685.0,Petrol,110,0,0,1600,5,1070
9475.0,48.0,56675.0,petrol,97,1,0,1400,3,1025
8750.0,49.0,68565.0,Petrol,110,1,0,1600,4,1030
8950.0,60.0,70954.0,Petrol,110,0,0,1600,3,1050
10950.0,64.0,73376.0,Petrol,110,0,0,1600,5,1070
13450.0,33.0,51945.0,petrol,110,1,0,1600,5,1075
13500.0,39.0,56001.0,Petrol,110,1,0,1600,5,1075
8950.0,65.0,57374.0,petrol,110,1,0,1600,5,1075
9750.0,57.0,45000.0,Petrol,110,1,0,1600,3,1050
16950.0,29.0,43905.0,Petrol,110,0,1,1600,3,1170
8750.0,79.0,39800.0,Petrol,107,0,1,1600,3,1080
9500.0,62.0,49258.0,Petrol,110,1,0,1600,4,1035
13450.0,40.0,28362.0,Petrol,110,1,0,1600,3,1040
9950.0,54.0,103454.0,Petrol,110,1,0,1600,5,1075
10950.0,35.0,21904.0,Petrol,97,0,0,1400,3,1025
15450.0,25.0,17003.0,Petrol,97,1,0,1400,5,1110
12250.0,51.0,34882.0,petrol,110,1,0,1600,5,1075
21950.0,27.0,49866.0,Petrol,192,1,0,1800,5,1195
12750.0,43.0,24553.0,Petrol,110,1,0,1600,5,1080
9500.0,68.0,80121.0,Petrol,110,0,0,1600,5,1070
7950.0,78.0,72222.0,Petrol,110,1,0,1600,5,1070
9900.0,59.0,46929.0,Petrol,86,1,0,1300,3,1025
18750.0,31.0,25266.0,Petrol,110,1,0,1600,5,1130
13950.0,44.0,39516.0,petrol,97,1,0,1400,5,1060
9450.0,70.0,85470.0,Petrol,107,0,1,1600,3,1080
7900.0,62.0,88667.0,Petrol,110,1,0,1600,4,1040
10750.0,54.0,39000.0,Petrol,97,0,0,1400,3,1025
9250.0,65.0,35283.0,Petrol,86,1,0,1300,3,1015
9950.0,68.0,68865.0,Petrol,110,1,0,1600,3,1065
15750.0,23.0,28227.0,Petrol,97,1,0,1400,5,1110
10500.0,65.0,67003.0,Petrol,110,1,0,1600,4,1035
6950.0,70.0,81663.0,Petrol,110,0,0,1600,3,1050
8950.0,68.0,86714.0,Petrol,110,1,0,1600,4,1035
10950.0,54.0,81905.0,Petrol,110,1,0,1600,5,1105
8750.0,79.0,86000.0,Petrol,86,1,0,1300,5,1040
8950.0,61.0,82115.0,petrol,110,1,0,1600,3,1055
7500.0,62.0,183500.0,Diesel,72,1,0,2000,5,1140
8900.0,59.0,86888.0,Petrol,110,1,0,1600,3,1050
7500.0,80.0,73200.0,petrol,110,1,0,1600,5,1070
9500.0,77.0,75799.0,Petrol,110,1,0,1600,3,1050
8950.0,68.0,77008.0,petrol,86,1,0,1300,3,1015
9950.0,59.0,65463.0,Petrol,110,1,0,1600,5,1070
4350.0,44.0,158320.0,Diesel,69,0,0,1800,5,1110
10350.0,60.0,55085.0,Petrol,107,0,1,1600,5,1105
8250.0,80.0,58267.0,Petrol,110,1,0,1600,5,1070
8450.0,78.0,73638.0,Petrol,86,1,1,1300,4,1015
8400.0,60.0,52487.0,Petrol,110,1,0,1600,4,1035
6950.0,76.0,191620.0,Diesel,72,0,0,2000,5,1150
10750.0,49.0,80090.0,Petrol,97,1,0,1400,3,1030
9500.0,61.0,92498.0,Petrol,110,1,0,1600,3,1050
8950.0,71.0,82000.0,Petrol,110,1,0,1600,5,1075
7250.0,80.0,74151.0,Petrol,110,1,0,1600,3,1050
5950.0,72.0,105856.0,Petrol,86,0,0,1300,3,1015
10500.0,50.0,62280.0,Petrol,97,1,0,1400,5,1060
18800.0,14.0,11500.0,Petrol,110,1,0,1600,3,1045
11950.0,53.0,55500.0,Petrol,110,1,0,1600,4,1035
7950.0,71.0,139145.0,Diesel,73,0,0,2000,2,1115
8950.0,60.0,40000.0,Petrol,86,1,0,1300,4,1000
11500.0,44.0,89757.0,Petrol,110,1,0,1600,3,1045
14950.0,42.0,53719.0,Petrol,110,1,1,1600,5,1105
9950.0,58.0,58000.0,Petrol,110,1,0,1600,3,1050
10750.0,55.0,52149.0,Petrol,97,1,0,1400,3,1085
8900.0,61.0,52112.0,petrol,110,1,0,1600,4,1035
7950.0,80.0,97548.0,Petrol,86,0,0,1300,5,1035
9750.0,67.0,67762.0,Petrol,110,1,0,1600,3,1065
4750.0,44.0,131273.0,Diesel,69,1,0,1800,5,1110
7995.0,65.0,60724.0,Petrol,86,1,0,1300,3,1015
6500.0,53.0,216000.0,Diesel,69,0,0,1900,3,1110
10400.0,68.0,66785.0,Petrol,86,0,1,1300,3,1045
17450.0,28.0,8537.0,Petrol,110,1,0,1600,5,1130
12950.0,33.0,33591.0,Petrol,110,1,0,1600,5,1075
9950.0,63.0,57124.0,Petrol,110,1,0,1600,3,1065
22500.0,32.0,34131.0,Petrol,192,1,0,1800,3,1185
18245.0,1.0,1.0,petrol,110,1,0,1600,5,1075
15800.0,22.0,75048.0,Petrol,97,1,0,1400,5,1110
8500.0,80.0,70597.0,Petrol,107,1,1,1600,3,1080
10500.0,52.0,31579.0,Petrol,97,0,0,1400,3,1025
8950.0,55.0,94401.0,Diesel,72,0,0,2000,3,1115
11950.0,49.0,40836.0,petrol,110,0,1,1600,3,1075
11950.0,55.0,52141.0,Petrol,110,1,0,1600,5,1070
7150.0,70.0,61000.0,Petrol,110,1,0,1600,4,1035
11950.0,40.0,58954.0,petrol,110,1,0,1600,5,1080
7950.0,68.0,78521.0,Petrol,86,0,0,1300,3,1015
13950.0,37.0,36074.0,Petrol,110,1,1,1600,5,1075
8950.0,69.0,156204.0,Diesel,72,1,0,2000,3,1115
6640.0,74.0,106250.0,petrol,110,0,0,1600,5,1070
11950.0,56.0,66777.0,Petrol,110,0,0,1600,5,1090
18950.0,20.0,39115.0,Petrol,110,1,0,1600,5,1130
7500.0,76.0,70039.0,petrol,110,1,0,1600,3,1050
7900.0,76.0,60000.0,petrol,110,0,0,1600,3,1050
12950.0,51.0,38403.0,Petrol,110,0,0,1600,3,1055
10950.0,52.0,36000.0,petrol,110,1,0,1600,5,1075
18750.0,11.0,24500.0,Petrol,110,1,0,1600,3,1120
7500.0,80.0,71500.0,Petrol,110,1,0,1600,4,1035
7250.0,80.0,94447.0,Petrol,110,0,0,1600,3,1050
10450.0,48.0,15000.0,petrol,97,1,0,1400,3,1025
9950.0,80.0,94079.0,Petrol,110,1,0,1600,5,1085
8900.0,59.0,36954.0,Petrol,110,1,0,1600,3,1050
9250.0,60.0,65259.0,Petrol,110,1,0,1600,3,1050
14950.0,26.0,48000.0,Diesel,90,0,0,2000,3,1165
6500.0,78.0,130000.0,petrol,86,0,0,1300,5,1015
19950.0,19.0,51099.0,Diesel,90,1,0,2000,5,1255
9250.0,73.0,68988.0,Petrol,86,1,0,1300,5,1035
8450.0,80.0,23000.0,Petrol,86,0,0,1300,3,1015
13750.0,30.0,38500.0,Diesel,90,0,0,2000,3,1170
22950.0,7.0,10000.0,Diesel,116,1,0,2000,5,1270
8950.0,73.0,97494.0,Petrol,110,1,0,1600,5,1085
11950.0,54.0,75231.0,Petrol,110,1,0,1600,5,1080
7950.0,72.0,78120.0,Petrol,110,1,0,1600,5,1075
9450.0,63.0,70908.0,Petrol,86,0,0,1300,5,1035
7450.0,75.0,91082.0,Petrol,110,1,0,1600,3,1050
8500.0,77.0,170000.0,Diesel,72,0,0,2000,4,1100
11500.0,48.0,89049.0,Petrol,97,1,0,1400,5,1060
10950.0,44.0,74846.0,petrol,97,1,0,1400,3,1025
9450.0,77.0,52900.0,Petrol,110,1,0,1600,4,1075
6650.0,75.0,123104.0,petrol,110,1,0,1600,5,1070
10750.0,50.0,61672.0,Petrol,110,0,0,1600,5,1075
13750.0,39.0,40000.0,Petrol,110,1,0,1600,3,1055
8250.0,64.0,150585.0,Petrol,110,1,0,1600,3,1065
7750.0,59.0,154783.0,Diesel,72,1,0,2000,3,1120
6900.0,74.0,101773.0,Petrol,110,0,0,1600,3,1050
11950.0,43.0,58277.0,Petrol,110,1,0,1600,3,1045
10950.0,57.0,118833.0,Petrol,110,0,0,1600,3,1065
7950.0,64.0,154462.0,Diesel,72,1,0,2000,5,1135
10500.0,67.0,70000.0,Petrol,107,1,1,1587,3,1065
7850.0,72.0,88500.0,Petrol,110,1,0,1600,5,1075
8745.0,65.0,45681.0,Petrol,110,0,0,1600,3,1050
14950.0,22.0,30400.0,Petrol,97,1,0,1400,5,1110
8950.0,53.0,115113.0,petrol,97,1,0,1400,3,1025
10250.0,53.0,143513.0,Diesel,69,0,0,1900,5,1140
7900.0,68.0,204250.0,Diesel,72,0,0,2000,3,1115
8800.0,79.0,74093.0,Petrol,110,1,0,1600,5,1075
8950.0,65.0,55000.0,Petrol,86,1,0,1300,3,1015
7250.0,65.0,117609.0,petrol,86,0,0,1300,3,1015
11650.0,39.0,37782.0,Petrol,97,1,0,1400,5,1060
7250.0,69.0,49640.0,Petrol,110,1,0,1600,4,1035
8250.0,57.0,,Diesel,72,0,0,2000,3,1115
9950.0,,,Petrol,110,1,0,1600,3,1065
6900.0,62.0,88000.0,Petrol,86,0,0,1300,3,1020
12450.0,42.0,38665.0,Petrol,110,1,0,1600,5,1075
8950.0,72.0,71054.0,Petrol,86,0,1,1300,3,1045
7750.0,77.0,54439.0,Petrol,86,1,0,1300,3,1015
18750.0,31.0,36544.0,Petrol,110,1,0,1600,5,1130
8950.0,63.0,68453.0,Petrol,110,1,0,1600,5,1070
8750.0,61.0,38019.0,Petrol,110,1,0,1600,5,1070
9500.0,66.0,63881.0,Petrol,86,0,0,1300,3,1015
10500.0,60.0,85000.0,Petrol,86,1,0,1300,3,1025
10750.0,54.0,60239.0,Petrol,110,1,0,1600,5,1075
8250.0,80.0,85565.0,petrol,110,0,0,1600,5,1070
7500.0,59.0,130000.0,Diesel,72,1,0,2000,4,1135
8500.0,69.0,197501.0,Diesel,72,0,0,2000,5,1135
11950.0,54.0,101352.0,Petrol,110,0,0,1600,5,1080
7500.0,78.0,109263.0,Petrol,110,0,0,1600,5,1070
11750.0,54.0,58530.0,Petrol,110,0,0,1600,5,1075
12500.0,56.0,45336.0,Petrol,110,1,0,1600,5,1080
9750.0,66.0,63328.0,Petrol,86,0,1,1300,5,1065
8700.0,75.0,109540.0,Petrol,110,0,0,1600,5,1085
8750.0,73.0,56307.0,Petrol,110,1,0,1600,3,1050
12950.0,39.0,24444.0,Petrol,110,1,0,1600,3,1040
7750.0,76.0,60833.0,Petrol,110,1,0,1600,4,1035
13500.0,41.0,50856.0,Petrol,110,0,0,1600,4,1030
7500.0,78.0,89953.0,Petrol,110,0,0,1600,5,1114
9500.0,63.0,22178.0,Petrol,86,1,0,1300,3,1015
7950.0,74.0,137741.0,Diesel,90,1,0,2000,5,1135
12950.0,67.0,58058.0,Petrol,110,1,0,1600,3,1065
8950.0,77.0,62595.0,Petrol,110,1,0,1600,3,1050
6950.0,79.0,95000.0,Petrol,86,1,0,1300,5,1035
12750.0,43.0,46515.0,petrol,97,0,0,1400,5,1025
10950.0,54.0,71725.0,Petrol,110,1,0,1600,4,1035
6750.0,80.0,86109.0,Petrol,110,1,0,1600,3,1055
7600.0,77.0,114258.0,Petrol,86,1,0,1300,5,1050
9950.0,62.0,61254.0,Petrol,110,0,0,1600,5,1075
10495.0,48.0,50967.0,Petrol,97,1,0,1400,5,1060
11750.0,43.0,53773.0,Petrol,110,1,0,1600,5,1075
8250.0,57.0,101791.0,Diesel,72,0,0,2000,3,1115
11950.0,54.0,58745.0,petrol,110,1,0,1600,4,1035
10950.0,62.0,80000.0,Petrol,110,0,0,1600,5,1075
7500.0,75.0,74000.0,petrol,86,1,0,1300,3,1015
7450.0,75.0,89507.0,petrol,86,0,0,1300,3,1015
12295.0,33.0,42823.0,Petrol,110,1,0,1600,5,1075
7950.0,71.0,82700.0,Petrol,110,0,0,1600,3,1050
11750.0,40.0,130062.0,Diesel,69,1,0,1900,5,1140
16450.0,16.0,20105.0,Petrol,97,0,0,1400,5,1110
12450.0,42.0,64564.0,petrol,110,1,0,1600,5,1080
11900.0,41.0,29716.0,Petrol,116,1,0,1600,5,1075
10500.0,49.0,91340.0,petrol,110,1,0,1600,3,1055
8500.0,78.0,67255.0,Petrol,110,0,0,1600,5,1085
8750.0,65.0,64772.0,Petrol,110,1,0,1600,3,1050
6500.0,78.0,115000.0,Petrol,107,1,1,1600,5,1100
12500.0,38.0,26000.0,Petrol,97,1,0,1400,5,1060
18500.0,7.0,2000.0,Petrol,110,0,0,1600,5,1075
14990.0,38.0,46327.0,Petrol,110,1,0,1600,3,1055
11500.0,35.0,24011.0,Petrol,97,0,0,1400,3,1025
13450.0,34.0,48011.0,Petrol,110,1,0,1600,4,1030
8750.0,66.0,81083.0,Petrol,86,0,0,1300,3,1015
8950.0,53.0,90200.0,Petrol,97,0,0,1400,3,1025
8950.0,57.0,65000.0,Petrol,110,0,0,1600,4,1035
18950.0,25.0,20019.0,Petrol,110,1,1,1600,5,1180
12950.0,40.0,16325.0,Petrol,110,1,0,1600,5,1080
7450.0,76.0,154900.0,Diesel,72,1,0,2000,5,1140
11950.0,38.0,49500.0,Petrol,110,1,0,1600,5,1075
8500.0,70.0,67100.0,petrol,110,1,0,1600,5,1075
5950.0,74.0,68285.0,Petrol,110,1,0,1600,3,1050
8995.0,67.0,73936.0,Petrol,86,1,0,1300,5,1050
7999.0,65.0,95000.0,Petrol,110,1,0,1600,3,1050
14750.0,39.0,108847.0,Diesel,90,1,0,2000,5,1205
9950.0,75.0,69320.0,Petrol,110,1,0,1600,5,1070
8950.0,74.0,88700.0,Petrol,110,1,0,1600,3,1050
10500.0,,,Petrol,97,0,0,1400,3,1025
8250.0,67.0,60000.0,Petrol,86,0,1,1300,4,1030
10250.0,61.0,95147.0,Petrol,110,1,0,1600,3,1050
9950.0,55.0,27500.0,Petrol,97,1,0,1400,3,1025
8950.0,61.0,81170.0,Petrol,110,1,0,1600,4,1040
5900.0,73.0,232940.0,Diesel,72,0,0,2000,5,1172
9450.0,66.0,15110.0,petrol,86,0,0,1300,5,1035
19250.0,20.0,63000.0,Diesel,90,1,0,2000,5,1255
12450.0,47.0,117430.0,Diesel,90,1,0,2000,3,1165
18950.0,28.0,30993.0,Petrol,110,1,0,1600,5,1130
10950.0,67.0,77821.0,Petrol,110,1,0,1600,5,1075
12950.0,49.0,41636.0,Petrol,110,1,0,1600,5,1105
14750.0,27.0,27500.0,Petrol,97,0,0,1400,3,1100
9250.0,67.0,104000.0,petrol,86,0,0,1300,3,1020
19500.0,12.0,13634.0,Petrol,110,1,0,1600,5,1115
5750.0,76.0,183277.0,Diesel,72,0,0,2000,3,1115
8950.0,65.0,60000.0,Petrol,86,1,0,1300,3,1015
15950.0,30.0,67660.0,Petrol,110,1,0,1600,3,1105
9250.0,78.0,69000.0,Petrol,110,1,0,1600,5,1075
7750.0,71.0,107516.0,petrol,110,1,0,1600,3,1050
15950.0,25.0,29719.0,Petrol,97,1,0,1400,5,1110
9800.0,77.0,48838.0,Petrol,110,0,0,1600,3,1055
8950.0,70.0,73014.0,Petrol,110,1,0,1600,5,1075
14750.0,40.0,48952.0,diesel,90,1,0,2000,5,1205
10750.0,68.0,31000.0,Petrol,110,1,0,1600,4,1035
6800.0,80.0,110000.0,Petrol,110,1,0,1600,4,1035
12950.0,50.0,45900.0,Petrol,110,1,0,1600,5,1075
18450.0,10.0,13747.0,petrol,97,1,0,1400,5,1110
8950.0,71.0,47633.0,Petrol,110,1,0,1600,5,1075
13950.0,42.0,42560.0,Petrol,110,1,0,1600,5,1080
10450.0,35.0,91456.0,Diesel,69,1,0,1900,3,1110
9950.0,48.0,48071.0,Petrol,97,0,0,1400,3,1025
6750.0,74.0,104000.0,Petrol,86,1,0,1300,3,1010
8950.0,48.0,98100.0,Diesel,69,1,0,1900,5,1140
8950.0,59.0,137050.0,CNG,110,1,0,1600,3,1078
12950.0,43.0,27301.0,Petrol,110,1,0,1600,3,1040
14990.0,33.0,24650.0,Petrol,110,1,0,1600,3,1055
9950.0,63.0,36923.0,Petrol,86,0,0,1300,5,1050
8750.0,61.0,136956.0,petrol,110,0,0,1600,3,1065
10995.0,59.0,87654.0,Petrol,86,1,1,1300,5,1065
9900.0,51.0,146736.0,Petrol,110,1,0,1600,5,1080
8750.0,79.0,89739.0,Petrol,86,1,0,1300,5,1035
12450.0,44.0,74172.0,Petrol,110,1,0,1600,5,1615
7500.0,73.0,87358.0,Petrol,110,1,0,1600,3,1050
11895.0,52.0,47689.0,petrol,110,0,0,1600,5,1075
6750.0,77.0,200732.0,Diesel,72,1,0,2000,4,1100
8950.0,78.0,65500.0,Petrol,86,1,0,1300,3,1015
8250.0,64.0,91333.0,Petrol,110,1,0,1600,3,1050
8950.0,65.0,68000.0,Petrol,86,1,0,1300,3,1015
8500.0,68.0,88807.0,Petrol,110,0,0,1600,3,1050
10450.0,62.0,84549.0,Petrol,110,0,0,1600,5,1075
10500.0,58.0,25000.0,Petrol,110,1,0,1600,5,1075
21125.0,2.0,225.0,Petrol,97,1,0,1400,5,1110
18450.0,27.0,23489.0,Petrol,110,0,0,1600,5,1115
12750.0,36.0,63459.0,Petrol,97,1,0,1400,5,1060
9750.0,67.0,64613.0,Petrol,110,1,0,1600,5,1085
9500.0,58.0,91000.0,petrol,110,1,0,1600,5,1075
13450.0,40.0,23616.0,Petrol,110,1,0,1600,5,1075
9950.0,42.0,27141.0,Petrol,97,1,0,1400,5,1060
9750.0,56.0,65400.0,Petrol,97,1,0,1400,3,1025
7250.0,71.0,127159.0,Diesel,72,1,0,2000,3,1115
11950.0,44.0,37000.0,Petrol,110,0,0,1600,4,1075
12950.0,29.0,9750.0,Petrol,97,1,0,1400,3,1100
9500.0,68.0,110287.0,Petrol,110,1,0,1600,3,1050
10250.0,60.0,54554.0,Petrol,110,1,0,1600,3,1065
7900.0,75.0,43720.0,Petrol,110,1,0,1600,5,1070
7950.0,69.0,97000.0,Petrol,110,0,0,1600,4,1035
8950.0,62.0,75569.0,Diesel,72,1,0,2000,3,1120
6950.0,68.0,117000.0,Diesel,72,0,0,2000,3,1115
8950.0,65.0,58829.0,Petrol,110,0,0,1600,3,1050
12900.0,42.0,53350.0,Petrol,110,0,0,1600,5,1075
8495.0,77.0,64280.0,Petrol,110,0,0,1600,4,1035
9950.0,55.0,97234.0,Petrol,110,0,0,1600,5,1080
12000.0,56.0,61000.0,Petrol,110,1,0,1600,3,1050
16350.0,14.0,40010.0,Petrol,110,1,0,1600,5,1115
10450.0,61.0,63000.0,Petrol,86,0,1,1300,3,1050
7950.0,73.0,85200.0,Petrol,110,1,0,1600,3,1050
8900.0,64.0,73300.0,Petrol,86,1,0,1300,3,1015
9750.0,65.0,77500.0,Petrol,110,1,0,1600,3,1050
7450.0,78.0,52287.0,Petrol,110,0,0,1600,5,1114
11450.0,51.0,49473.0,Petrol,110,0,0,1600,3,1055
16868.0,15.0,13157.0,Petrol,97,1,0,1400,4,1085
8750.0,67.0,83560.0,Petrol,86,0,0,1300,3,1015
7950.0,77.0,98000.0,Petrol,110,1,0,1600,5,1065
10500.0,41.0,22780.0,Petrol,86,1,0,1300,5,1035
8700.0,75.0,83850.0,Petrol,110,1,0,1600,3,1055
,72.0,105856.0,Petrol,86,0,0,1300,3,1015
7500.0,69.0,20544.0,petrol,86,1,0,1300,3,1025
7250.0,78.0,84000.0,Petrol,110,1,0,1600,5,1065
13500.0,23.0,46986.0,Diesel,90,1,0,2000,3,1165
10900.0,57.0,35000.0,Petrol,86,1,0,1300,5,1045
9850.0,65.0,62396.0,Petrol,110,0,0,1600,3,1050
7950.0,74.0,121900.0,Petrol,110,1,0,1600,4,1035
7950.0,78.0,91399.0,petrol,110,1,0,1600,5,1070
18500.0,11.0,16123.0,Petrol,110,1,0,1600,3,1105
8250.0,73.0,128006.0,Petrol,110,1,0,1600,3,1050
8000.0,64.0,116000.0,Petrol,86,0,0,1300,5,1045
9750.0,64.0,89145.0,Petrol,86,1,0,1300,3,1025
11950.0,44.0,29716.0,petrol,110,1,1,1600,3,1070
9995.0,68.0,44458.0,Petrol,86,0,0,1300,3,1015
18950.0,28.0,28817.0,Petrol,110,1,0,1598,5,1130
11900.0,41.0,61000.0,Petrol,110,0,0,1600,5,1075
9000.0,80.0,63266.0,Petrol,110,1,0,1600,4,1035
11950.0,51.0,98040.0,Petrol,110,0,0,1600,5,1080
9950.0,55.0,29650.0,Petrol,86,0,0,1300,3,1025
8950.0,75.0,57537.0,Petrol,86,1,0,1300,5,1050
13750.0,23.0,72937.0,Diesel,90,1,0,2000,3,1165
13250.0,33.0,16512.0,Petrol,97,1,0,1400,5,1085
8750.0,58.0,51712.0,Petrol,110,0,0,1600,3,1050
12950.0,35.0,46304.0,Petrol,97,1,0,1400,5,1060
10500.0,55.0,117175.0,Petrol,110,1,0,1600,4,1035
6550.0,73.0,158492.0,Petrol,86,0,0,1300,3,1015
10950.0,62.0,35512.0,Petrol,110,1,0,1600,3,1065
11500.0,39.0,39524.0,Petrol,97,1,0,1398,3,1025
10750.0,60.0,31480.0,petrol,110,1,0,1600,3,1065
21950.0,19.0,50005.0,Diesel,110,1,0,2000,3,1265
7450.0,77.0,70932.0,Petrol,110,1,0,1600,3,1050
14900.0,30.0,22000.0,petrol,97,1,0,1400,5,1110
9400.0,54.0,50000.0,petrol,97,1,0,1400,3,1025
9250.0,58.0,68723.0,Petrol,86,0,0,1300,3,1025
8750.0,47.0,69000.0,Diesel,69,1,0,1900,5,1140
8500.0,71.0,78260.0,Petrol,110,0,0,1600,3,1050
6950.0,58.0,69022.0,Petrol,86,1,0,1300,5,1035
7500.0,80.0,42186.0,Petrol,110,1,0,1600,3,1050
12500.0,41.0,39659.0,petrol,110,1,0,1600,3,1045
10950.0,33.0,77321.0,Petrol,110,1,0,1600,5,1075
8950.0,57.0,52548.0,Petrol,110,0,0,1600,3,1050
14950.0,26.0,32692.0,petrol,97,1,0,1400,3,1100
12500.0,62.0,26000.0,petrol,107,0,1,1600,3,1085
9550.0,54.0,46856.0,Petrol,97,0,0,1400,5,1060
12950.0,38.0,74319.0,Petrol,110,1,0,1600,5,1075
19750.0,16.0,11754.0,Petrol,110,0,1,1600,5,1180
12850.0,40.0,41339.0,Petrol,110,1,0,1600,5,1080
11500.0,55.0,33230.0,Petrol,110,0,0,1600,3,1050
17950.0,27.0,32809.0,petrol,97,1,0,1400,5,1110
9750.0,67.0,67110.0,Petrol,86,1,0,1300,5,1035
10000.0,75.0,64000.0,Petrol,107,0,1,1600,3,1085
16250.0,19.0,19200.0,Petrol,97,1,0,1400,3,1100
13995.0,35.0,18000.0,Petrol,110,1,0,1600,5,1075
8750.0,62.0,83908.0,Petrol,110,1,0,1600,5,1070
12495.0,44.0,49332.0,Petrol,110,1,0,1600,5,1080
11250.0,50.0,40400.0,Petrol,97,1,0,1400,5,1060
9950.0,61.0,49000.0,Petrol,110,0,0,1600,3,1050
8750.0,78.0,180378.0,Diesel,72,1,0,2000,4,1100
14900.0,30.0,7000.0,Petrol,97,1,0,1400,5,1100
6900.0,80.0,65307.0,Petrol,110,1,0,1600,3,1055
7950.0,76.0,43532.0,Petrol,110,0,0,1600,5,1070
8750.0,75.0,63634.0,Petrol,110,1,0,1600,4,1035
12200.0,41.0,30989.0,Petrol,110,0,0,1600,3,1045
7950.0,71.0,164000.0,Petrol,110,1,0,1600,3,1050
6750.0,75.0,87613.0,Petrol,86,0,0,1300,3,1015
8450.0,68.0,81965.0,Petrol,86,1,0,1300,5,1035
8250.0,65.0,61384.0,Petrol,110,1,0,1600,3,1050
11500.0,55.0,54900.0,Petrol,97,1,0,1400,5,1060
9950.0,69.0,42800.0,Petrol,110,1,0,1600,3,1050
8500.0,58.0,47171.0,petrol,86,1,0,1300,3,1015
11950.0,41.0,45287.0,Petrol,110,1,0,1600,5,1075
11450.0,55.0,68520.0,Diesel,72,1,0,2000,3,1115
11950.0,37.0,118217.0,Petrol,110,1,0,1600,5,1075
8500.0,60.0,64914.0,Petrol,110,1,0,1600,5,1070
8250.0,77.0,61648.0,Petrol,110,1,0,1600,5,1070
6500.0,70.0,178800.0,Diesel,72,0,0,2000,3,1115
8950.0,61.0,75609.0,Petrol,86,1,0,1300,3,1015
9000.0,48.0,119742.0,petrol,110,1,0,1600,5,1080
15950.0,19.0,25948.0,Petrol,97,1,0,1400,3,1100
17950.0,22.0,72215.0,Diesel,90,1,0,2000,5,1255
9950.0,48.0,28656.0,petrol,97,0,0,1400,3,1085
7950.0,78.0,155210.0,Petrol,110,0,0,1600,3,1050
9500.0,60.0,36943.0,petrol,110,0,0,1600,5,1070
16950.0,28.0,32220.0,Petrol,110,1,0,1600,3,1120
20950.0,14.0,17896.0,Petrol,110,1,1,1600,4,1150
9750.0,56.0,37461.0,Petrol,97,0,0,1400,3,1025
8950.0,80.0,83540.0,Petrol,110,1,0,1600,5,1070
12950.0,44.0,37389.0,petrol,110,1,0,1600,5,1080
7950.0,75.0,58341.0,Petrol,86,1,1,1300,4,1030
7950.0,58.0,43000.0,methane,110,1,1,1600,4,1114
19900.0,20.0,23000.0,petrol,110,1,0,1600,5,1130
7950.0,61.0,88127.0,petrol,86,0,0,1300,3,1015
11990.0,40.0,36566.0,Petrol,110,0,0,1600,5,1090
10500.0,61.0,66259.0,Petrol,110,1,0,1600,3,1065
10900.0,46.0,53700.0,Petrol,97,1,0,1400,5,1060
8950.0,70.0,68000.0,Petrol,86,1,1,1300,3,1045
7950.0,73.0,87000.0,Petrol,86,1,0,1300,3,1015
6950.0,77.0,131307.0,Petrol,110,1,0,1600,3,1050
9250.0,76.0,110901.0,Petrol,110,1,0,1600,5,1085
11750.0,42.0,38078.0,Petrol,97,0,0,1400,3,1025
10995.0,63.0,68153.0,Petrol,110,1,0,1600,5,1085
16450.0,20.0,48110.0,Petrol,97,1,0,1400,3,1100
21500.0,2.0,15.0,Petrol,110,1,0,1600,5,1130
7250.0,80.0,66880.0,Petrol,110,1,0,1600,3,1055
9000.0,80.0,74196.0,petrol,110,0,0,1600,5,1075
10900.0,60.0,70453.0,Diesel,72,0,0,2000,5,1135
6150.0,80.0,194765.0,Diesel,72,0,0,2000,3,1120
11495.0,39.0,46694.0,Petrol,110,0,0,1600,3,1040
8750.0,60.0,89576.0,Petrol,110,0,0,1600,4,1035
22250.0,20.0,37500.0,Diesel,90,1,0,2000,3,1260
8500.0,77.0,71825.0,petrol,110,0,0,1600,5,1075
12450.0,38.0,58363.0,Petrol,110,1,0,1600,3,1055
10950.0,65.0,84558.0,Petrol,110,1,0,1600,5,1120
7000.0,53.0,176000.0,Diesel,69,0,0,1900,3,1105
15950.0,28.0,29206.0,Petrol,97,1,0,1400,5,1110
10950.0,65.0,64630.0,Petrol,110,0,0,1600,5,1070
9450.0,66.0,58113.0,Petrol,107,1,1,1600,3,1085
10750.0,48.0,36005.0,Petrol,97,1,0,1400,5,1065
11950.0,60.0,74337.0,Petrol,86,0,0,1300,5,1035
7250.0,78.0,96000.0,Petrol,86,1,0,1300,3,1015
16900.0,27.0,94612.0,Diesel,90,1,0,2000,3,1245
7995.0,76.0,68000.0,Petrol,110,1,0,1600,5,1075
15750.0,32.0,25329.0,petrol,97,1,0,1400,3,1100
8495.0,68.0,104299.0,Petrol,110,1,0,1600,5,1085
5845.0,70.0,60600.0,petrol,86,0,0,1300,3,1060
8950.0,58.0,133405.0,Diesel,72,1,0,2000,5,1135
10500.0,61.0,123000.0,Diesel,72,0,0,2000,5,1135
9500.0,80.0,137178.0,Diesel,90,1,0,2000,5,1135
8850.0,65.0,45000.0,Petrol,110,0,0,1600,5,1075
8500.0,79.0,63918.0,Petrol,110,0,0,1600,4,1035
8750.0,61.0,55747.0,Petrol,86,0,0,1300,3,1020
10995.0,49.0,74656.0,Diesel,69,0,0,1900,3,1105
11700.0,52.0,53561.0,petrol,97,1,0,1400,5,1060
8500.0,74.0,66718.0,Petrol,110,1,0,1600,3,1050
9750.0,61.0,50173.0,petrol,110,1,0,1600,5,1075
9750.0,68.0,37759.0,Petrol,110,1,0,1600,5,1070
8950.0,68.0,95000.0,Petrol,110,0,0,1600,3,1050
10950.0,76.0,53133.0,Petrol,110,1,0,1600,5,1070
6900.0,76.0,115345.0,Petrol,110,1,0,1600,5,1070
7500.0,59.0,190900.0,Diesel,72,1,0,2000,3,1115
6900.0,69.0,79000.0,Petrol,86,0,0,1300,3,1015
16950.0,23.0,28000.0,Petrol,110,1,0,1600,5,1115
10950.0,61.0,37500.0,Petrol,110,0,0,1600,5,1085
17795.0,9.0,1.0,Petrol,98,1,0,1400,4,1065
8450.0,64.0,144000.0,methane,110,1,0,1600,3,1065
7950.0,67.0,155500.0,petrol,110,1,0,1600,5,1050
10950.0,63.0,54936.0,Petrol,110,1,0,1600,5,1075
10000.0,56.0,52000.0,Petrol,97,0,0,1400,3,1025
8950.0,71.0,83047.0,Petrol,86,1,1,1300,3,1045
7250.0,74.0,124910.0,Diesel,72,0,0,2000,5,1135
7950.0,72.0,75840.0,Petrol,86,0,0,1300,5,1035
8250.0,65.0,74179.0,petrol,110,1,0,1600,3,1050
8950.0,62.0,64966.0,Petrol,86,0,0,1300,3,1020
5950.0,73.0,176177.0,petrol,110,1,0,1600,5,1075
18245.0,9.0,1.0,Petrol,110,1,0,1600,5,1075
11690.0,33.0,57269.0,Petrol,110,1,0,1600,5,1075
10950.0,62.0,71000.0,petrol,110,0,0,1600,5,1070
23950.0,19.0,21684.0,Petrol,192,1,0,1800,5,1185
31000.0,4.0,4000.0,Diesel,116,1,0,2000,5,1480
9250.0,48.0,142130.0,methane,110,0,0,1600,5,1119
10900.0,50.0,65471.0,Petrol,97,1,0,1400,5,1060
8950.0,54.0,64000.0,Petrol,97,1,0,1400,3,1025
19600.0,25.0,32189.0,Petrol,192,0,0,1800,3,1185
13500.0,33.0,78108.0,Diesel,90,1,0,2000,3,1170
8950.0,65.0,71317.0,petrol,110,0,0,1600,3,1050
9900.0,56.0,62751.0,Petrol,110,0,0,1600,3,1050
7900.0,75.0,150000.0,Diesel,72,1,0,2000,3,1135
24990.0,8.0,6000.0,Diesel,90,1,0,2000,5,1280
8950.0,73.0,112963.0,Diesel,72,1,0,2000,5,1135
7750.0,76.0,45410.0,Petrol,86,1,0,1300,5,1035
18450.0,19.0,27371.0,Petrol,97,0,0,1400,5,1135
6450.0,72.0,123403.0,petrol,110,1,0,1600,3,1050
13950.0,44.0,59000.0,Petrol,110,0,1,1600,5,1110
10950.0,38.0,58798.0,petrol,110,1,0,1600,5,1075
6950.0,65.0,114383.0,Diesel,90,0,0,2000,3,1260
9250.0,65.0,98500.0,Petrol,110,1,0,1600,5,1075
10950.0,54.0,71276.0,Petrol,110,0,0,1600,5,1080
6750.0,76.0,83405.0,petrol,110,1,0,1600,5,1070
8750.0,69.0,52000.0,Petrol,110,1,0,1600,3,1050
9250.0,80.0,93841.0,Petrol,110,0,0,1600,5,1070
7350.0,72.0,112000.0,Petrol,86,1,0,1300,3,1015
8450.0,78.0,75323.0,Petrol,86,1,0,1300,5,1050
7750.0,78.0,120000.0,Petrol,110,0,0,1600,5,1075
8450.0,70.0,89983.0,Petrol,110,0,0,1600,3,1055
10950.0,47.0,45850.0,Petrol,97,0,0,1400,5,1060
9695.0,57.0,43000.0,Petrol,110,0,0,1600,5,1075
7750.0,68.0,74875.0,petrol,110,0,0,1600,5,1070
16500.0,20.0,29000.0,Petrol,97,0,0,1400,5,1110
15500.0,22.0,41000.0,Petrol,97,1,0,1400,3,1100
10250.0,39.0,18500.0,Petrol,110,0,0,1600,4,1030
8950.0,80.0,58000.0,Petrol,110,0,0,1600,3,1055
9900.0,73.0,59240.0,Petrol,110,1,0,1600,3,1050
8950.0,67.0,96000.0,Petrol,110,1,0,1600,3,1050
6495.0,71.0,59164.0,Petrol,110,0,0,1600,4,1035
16950.0,22.0,100250.0,Diesel,90,0,0,2000,5,1255
21500.0,31.0,23000.0,Petrol,192,1,0,1800,3,1185
7900.0,68.0,33847.0,Petrol,86,1,0,1300,4,1000
9950.0,68.0,112116.0,Petrol,110,1,0,1600,5,1070
8950.0,65.0,100550.0,Petrol,110,1,0,1600,5,1075
10950.0,58.0,63870.0,diesel,72,0,0,2000,5,1135
5751.0,67.0,174833.0,Diesel,72,0,0,2000,4,1100
15950.0,13.0,29371.0,Petrol,110,1,0,1600,4,1105
8500.0,77.0,45507.0,Petrol,110,1,0,1600,3,1050
15250.0,28.0,43210.0,Petrol,97,0,0,1400,5,1110
14950.0,44.0,71793.0,CompressedNaturalGas,110,1,0,1600,4,1067
9950.0,45.0,87274.0,Petrol,110,1,0,1600,3,1040
8950.0,61.0,51235.0,petrol,86,1,0,1300,4,1000
11950.0,49.0,69659.0,petrol,86,0,0,1300,3,1025
8950.0,58.0,103458.0,Petrol,86,1,0,1300,3,1025
7500.0,74.0,58454.0,Petrol,86,1,0,1300,3,1015
9950.0,80.0,69904.0,petrol,110,0,0,1600,5,1070
10750.0,63.0,65896.0,Petrol,110,1,0,1600,3,1065
10450.0,49.0,41710.0,petrol,110,0,0,1600,3,1040
22250.0,22.0,30000.0,diesel,110,1,0,2000,5,1275
8500.0,73.0,75000.0,Petrol,110,0,0,1600,5,1075
7750.0,64.0,43000.0,Petrol,86,0,0,1300,3,1015
8450.0,70.0,124743.0,Petrol,110,1,0,1600,3,1050
8950.0,54.0,61000.0,Diesel,69,0,0,2000,5,1140
8950.0,80.0,86000.0,Petrol,110,0,0,1600,3,1050
8950.0,68.0,140000.0,Petrol,110,1,0,1600,5,1085
11900.0,51.0,53408.0,petrol,110,1,0,1600,5,1080
8950.0,55.0,94122.0,Petrol,86,1,0,1300,3,1015
6900.0,65.0,176184.0,Diesel,72,1,0,2000,3,1115
9750.0,70.0,57829.0,Petrol,110,0,0,1600,3,1050
7250.0,78.0,80000.0,petrol,110,1,0,1600,4,1065
9500.0,55.0,69813.0,Petrol,97,1,0,1400,3,1025
10995.0,59.0,60708.0,Petrol,86,1,0,1300,5,1045
10500.0,35.0,43000.0,petrol,110,0,0,1600,3,1050
12200.0,50.0,82805.0,Petrol,110,1,0,1600,3,1040
7950.0,71.0,90370.0,Petrol,86,1,0,1300,5,1035
9450.0,63.0,115000.0,CNG,110,0,0,1600,3,1109
10950.0,59.0,79660.0,Petrol,86,0,1,1300,5,1065
10950.0,68.0,67146.0,Petrol,110,1,0,1600,5,1075
9500.0,59.0,71366.0,Petrol,110,0,0,1600,3,1065
19950.0,19.0,17038.0,petrol,110,0,0,1600,5,1130
11950.0,40.0,73042.0,Petrol,110,1,0,1598,5,1075
11750.0,51.0,58761.0,Petrol,97,0,0,1300,5,1060
6750.0,77.0,105152.0,petrol,86,0,0,1300,3,1015
6250.0,80.0,92830.0,Petrol,86,1,0,1300,3,1015
11500.0,54.0,55877.0,Petrol,110,1,0,1600,5,1075
19450.0,19.0,18328.0,petrol,110,0,0,1600,5,1130
8750.0,65.0,45549.0,Petrol,86,1,0,1300,3,1015
10845.0,72.0,19000.0,Petrol,86,0,0,1300,3,1015
12695.0,39.0,24723.0,Petrol,110,1,1,1600,4,1060
6000.0,78.0,217764.0,Diesel,72,1,0,2000,5,1135
7500.0,73.0,70482.0,Petrol,110,1,0,1600,5,1075
8900.0,68.0,35000.0,Petrol,110,1,0,1600,3,1050
12950.0,38.0,67805.0,Petrol,110,1,0,1600,5,1075
8750.0,79.0,98742.0,Petrol,110,0,0,1600,5,1085
10500.0,55.0,30461.0,Petrol,86,1,0,1300,5,1050
12950.0,50.0,83106.0,Petrol,110,1,0,1600,5,1075
11950.0,50.0,72242.0,Petrol,110,0,1,1600,3,1070
13995.0,44.0,38461.0,petrol,110,1,0,1600,5,1080
8900.0,63.0,46000.0,Petrol,86,0,0,1300,5,1035
10495.0,62.0,58000.0,Petrol,110,1,0,1600,3,1065
13450.0,39.0,46821.0,Petrol,97,1,0,1400,5,1060
8500.0,70.0,85864.0,Diesel,72,1,0,2000,5,1135
7950.0,80.0,102300.0,Petrol,86,1,0,1300,3,1015
14950.0,22.0,37400.0,Petrol,97,1,0,1400,5,1110
17950.0,22.0,62636.0,Diesel,90,1,0,2000,5,1255
8500.0,76.0,76268.0,Petrol,86,1,0,1300,3,1015
22750.0,30.0,34000.0,Petrol,192,1,0,1800,3,1185
17495.0,27.0,34545.0,Petrol,110,1,0,1600,3,1120
9450.0,68.0,30300.0,Petrol,86,1,0,1300,4,1000
9750.0,68.0,77695.0,Petrol,110,1,0,1600,4,1035
8950.0,68.0,43000.0,petrol,110,1,0,1600,5,1035
6750.0,76.0,57263.0,Petrol,110,1,0,1600,3,1050
12500.0,40.0,85389.0,Petrol,110,1,0,1600,5,1075
19000.0,23.0,84000.0,Diesel,90,0,0,2000,5,1270
7900.0,70.0,85000.0,Petrol,110,1,0,1600,3,1055
10900.0,62.0,17345.0,Petrol,110,1,0,1600,3,1050
7200.0,79.0,93090.0,Petrol,86,1,0,1300,5,1035
11450.0,49.0,73175.0,Petrol,97,1,0,1400,3,1030
8250.0,79.0,84966.0,Petrol,110,0,0,1600,5,1070
8400.0,77.0,60000.0,Petrol,110,1,0,1600,3,1050
9450.0,60.0,115191.0,CNG,110,1,0,1600,4,1079
18500.0,16.0,20629.0,Petrol,110,1,0,1600,4,1090
8950.0,52.0,31000.0,petrol,97,0,0,1398,3,1025
8750.0,80.0,59326.0,petrol,110,1,0,1600,5,1085
7490.0,73.0,76151.0,Petrol,86,1,0,1300,3,1015
11500.0,65.0,85889.0,petrol,110,0,0,1600,3,1065
11250.0,47.0,5309.0,Petrol,110,1,1,1600,3,1070
10450.0,64.0,120400.0,Petrol,110,0,0,1600,5,1090
19950.0,17.0,30351.0,Diesel,90,1,0,1995,3,1260
11710.0,48.0,35142.0,Petrol,110,0,0,1600,3,1055
9950.0,68.0,42750.0,petrol,110,1,0,1600,3,1050
9500.0,66.0,47237.0,Petrol,110,0,0,1600,3,1050
5950.0,75.0,74567.0,Petrol,86,1,0,1300,3,1015
7750.0,60.0,130270.0,petrol,110,0,0,1600,3,1050
7500.0,65.0,59264.0,Petrol,86,0,0,1300,3,1015
8950.0,76.0,73116.0,Petrol,110,1,0,1600,5,1075
8250.0,69.0,44826.0,petrol,110,0,0,1600,5,1075
7750.0,74.0,56132.0,Petrol,110,0,0,1600,4,1035
9500.0,38.0,180638.0,Diesel,90,0,0,2000,4,1160
7950.0,75.0,61626.0,Petrol,86,0,0,1300,5,1035
11900.0,47.0,102352.0,petrol,110,1,0,1600,5,1080
8250.0,80.0,57787.0,petrol,86,0,0,1300,3,1015
16895.0,29.0,22575.0,petrol,110,1,0,1600,5,1115
8500.0,62.0,105000.0,Petrol,86,0,0,1300,5,1040
10950.0,47.0,60348.0,Petrol,110,0,0,1600,4,1030
10950.0,60.0,28500.0,Petrol,110,0,0,1600,5,1075
11250.0,40.0,96518.0,Petrol,97,1,0,1400,3,1025
6250.0,67.0,149000.0,Diesel,90,1,0,2000,5,1135
8950.0,72.0,91921.0,Petrol,86,1,0,1300,3,1020
9950.0,62.0,61930.0,Petrol,110,1,0,1600,4,1035
7450.0,78.0,82675.0,Petrol,86,0,0,1300,3,1015
11900.0,44.0,110000.0,Diesel,69,1,0,1900,5,1095
6950.0,72.0,42000.0,Petrol,110,1,0,1600,3,1050
10950.0,57.0,80470.0,Petrol,110,0,0,1600,5,1085
9990.0,55.0,56743.0,Petrol,110,0,0,1600,3,1045
9750.0,65.0,111769.0,Petrol,110,0,0,1600,3,1065
8950.0,66.0,60000.0,Petrol,86,1,0,1300,3,1015
9940.0,39.0,53644.0,Petrol,110,1,0,1600,5,1075
16250.0,19.0,29441.0,Petrol,97,1,0,1400,5,1110
8950.0,63.0,59000.0,Petrol,110,0,0,1600,3,1050
12500.0,49.0,77648.0,Petrol,110,0,0,1600,4,1030
8950.0,67.0,127000.0,Diesel,72,1,0,2000,5,1135
8450.0,67.0,52800.0,Petrol,86,1,0,1300,3,1015
10450.0,48.0,64193.0,Petrol,110,1,0,1600,3,1040
8750.0,77.0,70124.0,Petrol,110,1,0,1600,3,1050
6950.0,80.0,143560.0,Petrol,86,1,1,1300,3,1045
11950.0,44.0,52000.0,petrol,97,0,0,1400,3,1025
8750.0,57.0,88480.0,Petrol,110,1,0,1600,3,1050
7750.0,78.0,95651.0,Petrol,110,1,0,1600,5,1070
15950.0,27.0,29510.0,Petrol,97,1,0,1400,3,1100
10250.0,54.0,63792.0,Petrol,110,1,0,1600,5,1075
9950.0,79.0,55425.0,Petrol,110,0,0,1600,5,1075
11900.0,46.0,33021.0,Petrol,110,1,0,1600,5,1080
10950.0,57.0,55000.0,Petrol,110,0,0,1600,5,1075
11250.0,52.0,58596.0,petrol,110,1,0,1600,3,1045
8500.0,67.0,92922.0,Diesel,72,1,0,2000,4,1100
8250.0,78.0,72000.0,petrol,110,1,0,1600,4,1035
10950.0,41.0,75697.0,Petrol,97,1,0,1400,3,1025
11950.0,54.0,77270.0,Petrol,110,1,0,1600,4,1035
10250.0,62.0,39000.0,Petrol,110,1,0,1600,5,1075
7250.0,80.0,122820.0,Petrol,86,0,0,1300,5,1040
12950.0,23.0,71138.0,Diesel,69,0,0,1900,3,1105
13995.0,35.0,41000.0,Petrol,110,1,0,1600,5,1075
17950.0,20.0,66966.0,Diesel,90,1,0,2000,3,1245
9500.0,62.0,147636.0,Diesel,72,0,0,2000,5,1135
9950.0,58.0,115715.0,Petrol,110,0,0,1600,5,1070
8450.0,64.0,70116.0,Petrol,110,1,0,1600,4,1035
8100.0,68.0,65400.0,Petrol,86,1,0,1300,4,1000
10950.0,58.0,51421.0,Petrol,110,0,1,1600,5,1105
9950.0,51.0,96135.0,Diesel,72,0,0,2000,3,1115
6750.0,69.0,60050.0,Petrol,110,1,0,1600,3,1050
11895.0,39.0,27170.0,Petrol,97,1,0,1400,5,1060
7950.0,80.0,34000.0,Petrol,86,1,0,1300,4,1000
9900.0,68.0,93296.0,Petrol,110,1,0,1600,5,1090
9500.0,68.0,109150.0,Petrol,110,0,0,1600,5,1075
19500.0,14.0,6500.0,Petrol,110,1,0,1600,4,1100
10950.0,38.0,37320.0,Petrol,97,1,0,1400,3,1025
8750.0,76.0,49170.0,Petrol,86,0,0,1300,3,1045
8950.0,47.0,38900.0,petrol,97,1,0,1400,3,1025
8950.0,73.0,84402.0,Petrol,110,1,0,1600,4,1035
13950.0,35.0,32941.0,Petrol,110,1,0,1600,5,1080
20950.0,14.0,5278.0,Petrol,110,1,1,1600,4,1150
7995.0,62.0,64797.0,petrol,110,1,0,1600,5,1075
7750.0,78.0,72090.0,Petrol,110,1,0,1600,5,1070
12950.0,32.0,61000.0,Diesel,90,0,0,2000,3,1170
20500.0,26.0,56000.0,Petrol,110,1,1,1600,5,1180
8950.0,59.0,76162.0,petrol,110,1,0,1600,5,1075
9750.0,69.0,52320.0,Petrol,110,0,0,1600,5,1070
10895.0,53.0,79800.0,Petrol,110,0,0,1600,5,1075
11750.0,44.0,52084.0,Petrol,97,1,0,1400,3,1025
17250.0,29.0,20000.0,Petrol,110,1,0,1600,5,1115
7250.0,77.0,128960.0,petrol,110,1,0,1600,5,1070
14950.0,41.0,28571.0,Petrol,110,0,0,1600,5,1090
12950.0,33.0,28715.0,Petrol,110,1,0,1600,5,1075
12500.0,54.0,84598.0,Petrol,110,0,0,1600,5,1075
12000.0,52.0,73000.0,Petrol,110,0,0,1600,3,1055
15950.0,25.0,28450.0,Petrol,110,1,0,1600,3,1120
9950.0,65.0,59000.0,Petrol,110,0,0,1600,3,1050
6950.0,77.0,82103.0,Petrol,86,1,0,1300,3,1015
9950.0,59.0,43818.0,Petrol,110,0,0,1600,5,1070
6750.0,80.0,160000.0,Petrol,86,0,0,1300,3,1015
10950.0,54.0,39291.0,Petrol,110,1,0,1600,3,1040
6950.0,78.0,159968.0,Diesel,72,0,0,2000,3,1115
9950.0,53.0,57948.0,Petrol,97,1,0,1400,3,1025
17900.0,7.0,1.0,Petrol,110,1,0,1600,3,1105
9980.0,49.0,34890.0,Petrol,97,0,0,1400,3,1025
10950.0,57.0,40214.0,Petrol,86,0,0,1300,3,1025
10750.0,52.0,41700.0,Petrol,97,1,0,1400,3,1025
11750.0,33.0,55350.0,Petrol,110,0,0,1600,5,1075
8250.0,71.0,120474.0,Diesel,72,1,0,2000,3,1115
7495.0,79.0,81988.0,Petrol,110,1,0,1600,5,1070
5250.0,79.0,207114.0,CompressedNaturalGas,110,1,0,1600,5,1114
11950.0,41.0,34000.0,Petrol,110,1,0,1600,5,1075
10750.0,56.0,43700.0,Petrol,86,1,0,1300,3,1025
8250.0,80.0,52700.0,Petrol,110,0,0,1600,3,1050
9950.0,66.0,120000.0,Diesel,72,0,0,2000,4,1100
7950.0,78.0,72000.0,petrol,110,0,0,1600,3,1055
9450.0,79.0,60142.0,Petrol,110,0,0,1600,3,1050
11950.0,39.0,98823.0,CNG,110,1,0,1600,5,1119
7750.0,77.0,102000.0,Petrol,86,1,0,1300,3,1015
11450.0,46.0,75249.0,Petrol,110,1,0,1600,4,1035
15500.0,25.0,49163.0,Petrol,110,0,1,1600,5,1165
12500.0,35.0,32000.0,petrol,110,0,0,1600,3,1040
12950.0,50.0,10210.0,petrol,97,0,0,1400,5,1065
7995.0,59.0,121626.0,Petrol,86,0,0,1300,5,1050
7450.0,77.0,122290.0,petrol,110,0,0,1600,3,1050
11950.0,41.0,51732.0,Petrol,97,1,0,1400,3,1025
10450.0,62.0,85000.0,Petrol,110,1,0,1600,3,1050
12950.0,53.0,47451.0,Petrol,110,1,0,1600,3,1055
21950.0,31.0,64982.0,Petrol,192,1,0,1800,5,1195
10250.0,57.0,54000.0,Petrol,110,1,0,1600,3,1135
8950.0,68.0,101001.0,Petrol,110,0,0,1600,5,1075
8950.0,56.0,31000.0,Petrol,97,0,0,1400,3,1025
7750.0,75.0,82256.0,Petrol,110,1,0,1600,3,1050
15750.0,22.0,35199.0,Petrol,97,1,0,1400,3,1100
8950.0,59.0,98658.0,Petrol,86,1,0,1300,3,1020
7950.0,74.0,104150.0,petrol,110,1,0,1600,3,1050
21950.0,8.0,10841.0,Diesel,90,1,0,2000,5,1270
11750.0,47.0,73403.0,Petrol,110,1,0,1600,5,1075
9250.0,61.0,54000.0,Petrol,110,1,0,1600,3,1055
14950.0,42.0,29640.0,Petrol,110,0,0,1600,3,1055
20750.0,17.0,10000.0,Petrol,110,0,0,1598,5,1105
6400.0,51.0,198167.0,Diesel,69,0,0,1900,4,1095
10500.0,77.0,172980.0,Diesel,72,1,0,2000,5,1135
13250.0,41.0,81106.0,Diesel,69,1,0,1900,5,1140
16950.0,17.0,36012.0,Petrol,110,0,0,1600,5,1130
7950.0,69.0,155000.0,Diesel,72,0,0,2000,3,1115
10500.0,66.0,112000.0,Petrol,110,1,0,1600,3,1065
7950.0,74.0,84123.0,Petrol,110,0,0,1600,3,1050
7750.0,79.0,65254.0,Petrol,86,1,0,1300,3,1015
9950.0,53.0,117913.0,Diesel,69,1,0,1900,5,1110
7900.0,50.0,99865.0,Petrol,110,1,0,1600,4,1035
12950.0,40.0,38653.0,Petrol,110,1,0,1600,5,1080
7950.0,75.0,57144.0,petrol,110,1,0,1600,5,1070
9750.0,64.0,34114.0,Petrol,110,0,0,1600,3,1050
14950.0,43.0,25228.0,Petrol,110,1,0,1600,3,1045
5950.0,79.0,71263.0,Petrol,86,0,0,1300,3,1015
11650.0,38.0,60829.0,Petrol,110,1,0,1600,5,1075
13000.0,49.0,36000.0,Petrol,110,0,0,1600,5,1080
11950.0,54.0,63123.0,Petrol,110,1,0,1600,4,1035
10450.0,46.0,30806.0,Petrol,97,1,0,1400,5,1060
9940.0,53.0,60558.0,Petrol,110,1,0,1600,4,1105
11750.0,42.0,55400.0,Petrol,110,0,0,1600,5,1075
8950.0,69.0,99374.0,Petrol,86,1,0,1300,5,1035
8950.0,62.0,70500.0,Petrol,110,1,0,1600,5,1035
8950.0,59.0,56259.0,Petrol,86,0,0,1300,3,1015
7200.0,75.0,88000.0,Petrol,110,1,0,1600,3,1050
8750.0,74.0,42317.0,petrol,107,1,1,1600,5,1100
9250.0,64.0,73500.0,Petrol,110,1,0,1600,3,1050
8150.0,65.0,87821.0,petrol,86,1,0,1300,3,1015
10750.0,54.0,115558.0,petrol,110,1,0,1600,4,1035
7950.0,60.0,61100.0,petrol,86,1,0,1300,3,1015
5950.0,78.0,82595.0,Petrol,86,1,0,1300,3,1015
13500.0,50.0,39706.0,Petrol,110,1,0,1600,5,1080
8500.0,80.0,100458.0,petrol,110,0,0,1600,5,1085
9250.0,68.0,84976.0,Petrol,110,1,0,1600,4,1035
6500.0,71.0,115157.0,Petrol,110,1,0,1600,3,1050
9245.0,66.0,22835.0,petrol,110,1,0,1600,3,1050
8950.0,70.0,51874.0,Petrol,86,0,0,1300,4,1000
10495.0,68.0,47500.0,Petrol,86,1,0,1300,5,1035
8950.0,65.0,51000.0,Petrol,86,1,0,1300,3,1015
9950.0,64.0,118000.0,Diesel,72,1,0,2000,5,1150
13875.0,39.0,43254.0,petrol,110,1,0,1600,5,1075
16500.0,19.0,27821.0,Petrol,97,0,0,1400,5,1110
19500.0,16.0,13000.0,Petrol,110,1,0,1600,4,1105
16750.0,27.0,44068.0,Petrol,97,1,0,1400,3,1100
9750.0,63.0,64690.0,Petrol,86,0,0,1300,3,1020
9950.0,61.0,97648.0,Petrol,110,1,0,1600,3,1065
5950.0,71.0,134660.0,Diesel,72,0,0,2000,5,1135
10950.0,50.0,22648.0,Petrol,97,1,0,1400,5,1060
9950.0,65.0,80153.0,Petrol,110,0,0,1600,5,1070
7950.0,78.0,90011.0,Petrol,86,0,1,1300,3,1045
8750.0,68.0,101889.0,petrol,110,1,0,1600,5,1075
9950.0,62.0,109547.0,petrol,110,0,0,1600,5,1075
9250.0,80.0,44444.0,Petrol,110,1,0,1600,3,1050
12450.0,54.0,46230.0,Petrol,110,1,0,1600,3,1055
8500.0,77.0,62285.0,Petrol,110,1,0,1600,5,1075
